Workbook
Name SelectedDate: 'Schedule_Matrix'!$E$2
Name IntervalHeaders: 'Schedule_Matrix'!$H$1:$BC$1
Name ActiveActivityCodes: 'Config_Settings'!$A$2:$A$13
Name tblDailyMatrix: 'Schedule_Matrix'!$A$1:$BC$200

Sheet Config_Settings
A1: Code | B1: DisplayLabel | C1: IsActive | D1: CountsAsStaffed | E1: IsPaid | F1: Category | G1: NumericValue | H1: ColorGroup | J1: Parameter | K1: Value | M1: State | N1: MinVariance | O1: MaxVariance | P1: FillColor | Q1: FontColor
A2: OWD | B2: On Work Duty | C2: TRUE | D2: TRUE | E2: TRUE | F2: Productive | G2: 1 | H2: Productive | J2: IntervalMinutes | K2: 30 | M2: Under | O2: -1 | P2: F8696B | Q2: FFFFFF
A3: OT | B3: Overtime | C3: TRUE | D3: TRUE | E3: TRUE | F3: Productive | G3: 1 | H3: Productive | J3: IntervalsPerDay | K3: 48 | M3: Exact | N3: 0 | O3: 0 | P3: 63BE7B | Q3: FFFFFF
A4: Brk | B4: Break | C4: TRUE | D4: FALSE | E4: TRUE | F4: Break | G4: 0 | H4: Nonproductive | J4: DayStartTime | K4: 0 | M4: Over | N4: 1 | P4: 5B9BD5 | Q4: FFFFFF
A5: Lch | B5: Lunch | C5: TRUE | D5: FALSE | E5: FALSE | F5: Meal | G5: 0 | H5: Nonproductive | J5: ToleranceHeadcount | K5: 0 | M5: Invalid | P5: FFC000 | Q5: 000000
A6: Mt | B6: Meeting | C6: TRUE | D6: FALSE | E6: TRUE | F6: Meeting | G6: 0 | H6: Nonproductive | J6: WorkbookEngineVersion | K6: 1.0.0-phase1 | M6: MissingRequirement | P6: BFBFBF | Q6: 000000
A7: Trn | B7: Training | C7: TRUE | D7: FALSE | E7: TRUE | F7: Training | G7: 0 | H7: Nonproductive | J7: TemplateSchemaVersion | K7: 1.0.0 | M7: Nonproductive | P7: F4B183 | Q7: 000000
A8: PTO | B8: Paid Time Off | C8: TRUE | D8: FALSE | E8: TRUE | F8: Absence | G8: 0 | H8: Inactive | J8: FormulaSetVersion | K8: 1.0.0
A9: Sick | B9: Sick Leave | C9: TRUE | D9: FALSE | E9: TRUE | F9: Absence | G9: 0 | H9: Inactive | J9: DataSnapshotID | K9: sample-2026-06-11
A10: Off | B10: Off | C10: TRUE | D10: FALSE | E10: FALSE | F10: Off | G10: 0 | H10: Inactive
A11: UA | B11: Unapproved Absence | C11: TRUE | D11: FALSE | E11: FALSE | F11: Absence | G11: 0 | H11: Inactive
A12: AL | B12: Annual Leave | C12: TRUE | D12: FALSE | E12: TRUE | F12: Absence | G12: 0 | H12: Inactive
A13: SL | B13: Sick Leave Short Code | C13: TRUE | D13: FALSE | E13: TRUE | F13: Absence | G13: 0 | H13: Inactive

Sheet Staffing_Requirements
A1: OperationalDate | B1: IntervalStart | C1: RequiredHeadcount
A2: 46184 | B2: 0 | C2: 2
A3: 46184 | B3: 0.020833333 | C3: 2
A4: 46184 | B4: 0.041666667 | C4: 2
A5: 46184 | B5: 0.0625 | C5: 2
A6: 46184 | B6: 0.083333333 | C6: 2
A7: 46184 | B7: 0.10416667 | C7: 2
A8: 46184 | B8: 0.125 | C8: 2
A9: 46184 | B9: 0.14583333 | C9: 2
A10: 46184 | B10: 0.16666667 | C10: 2
A11: 46184 | B11: 0.1875 | C11: 2
A12: 46184 | B12: 0.20833333 | C12: 2
A13: 46184 | B13: 0.22916667 | C13: 2
... A49: 46184 | B49: 0.97916667 | C49: 2

Sheet Schedule_Data
A1: EmployeeID | B1: Name | C1: OperationalDate | D1: ShiftStart | E1: ShiftEnd | F1: ActivityCode | G1: ContractualHours | H1: CurrentShift | I1: Notes | J1: ValidationState | K1: SourceRowID
A2: E001 | B2: Avery Chen | C2: 46184 | D2: 2026-06-11 08:15 | E2: 2026-06-11 17:00 | F2: OWD | G2: 8 | H2: OWD | I2: Partial first interval | J2: Valid | K2: 1
A3: E002 | B3: Blake Diaz | C3: 46184 | D3: 2026-06-11 23:45 | E3: 2026-06-12 02:15 | F3: OWD | G3: 8 | H3: OWD | I3: Overnight | J3: Valid | K3: 2
A4: E003 | B4: Casey Singh | C4: 46184 | D4: 2026-06-11 12:00 | E4: 2026-06-11 12:30 | F4: Lch | G4: 8 | H4: Lch | I4: Nonproductive | J4: Valid | K4: 3

Sheet Calc_Engine
A1: EmployeeID | B1: Name | C1: ContractualHours | D1: CurrentShift | E1: TargetDaySelect | F1: ShiftStart | G1: ShiftEnd | H1: =Schedule_Matrix!H1 | I1: =Schedule_Matrix!I1 | J1: =Schedule_Matrix!J1 | K1: =Schedule_Matrix!K1 | L1: =Schedule_Matrix!L1 | M1: =Schedule_Matrix!M1 | N1: =Schedule_Matrix!N1 | O1: =Schedule_Matrix!O1 | ... BC1: =Schedule_Matrix!BC1
A8: =Schedule_Matrix!A8 | B8: =Schedule_Matrix!B8 | C8: =Schedule_Matrix!C8 | D8: =Schedule_Matrix!D8 | E8: =Schedule_Matrix!E8 | F8: =Schedule_Matrix!F8 | G8: =Schedule_Matrix!G8 | H8: =LET(id,Schedule_Matrix!$A8,code,UPPER(TRIM(Schedule_Matrix!$D8)),rawStart,Schedule_Matrix!$F8,rawEnd,Schedule_Matrix!$G8,countsAsStaffed,IFERROR(--XLOOKUP(code,UPPER(tblActivityCodes[Code]),tblActivityCodes[CountsAsStaffed],0),0),startDT,IF(INT(rawStart)>0,rawStart,SelectedDate+MOD(rawStart,1)),endBase,IF(INT(rawEnd)>0,rawEnd,SelectedDate+MOD(rawEnd,1)),endDT,IF(endBase<=startDT,endBase+1,endBase),intervalStart,SelectedDate+Schedule_Matrix!H$1,intervalEnd,intervalStart+TIME(0,30,0),overlapDays,MAX(0,MIN(endDT,intervalEnd)-MAX(startDT,intervalStart)),IF(OR(id="",code="",rawStart="",rawEnd="",rawStart=rawEnd,countsAsStaffed=0),0,overlapDays/TIME(0,30,0))) | I8: =LET(id,Schedule_Matrix!$A8,code,UPPER(TRIM(Schedule_Matrix!$D8)),rawStart,Schedule_Matrix!$F8,rawEnd,Schedule_Matrix!$G8,countsAsStaffed,IFERROR(--XLOOKUP(code,UPPER(tblActivityCodes[Code]),tblActivityCodes[CountsAsStaffed],0),0),startDT,IF(INT(rawStart)>0,rawStart,SelectedDate+MOD(rawStart,1)),endBase,IF(INT(rawEnd)>0,rawEnd,SelectedDate+MOD(rawEnd,1)),endDT,IF(endBase<=startDT,endBase+1,endBase),intervalStart,SelectedDate+Schedule_Matrix!I$1,intervalEnd,intervalStart+TIME(0,30,0),overlapDays,MAX(0,MIN(endDT,intervalEnd)-MAX(startDT,intervalStart)),IF(OR(id="",code="",rawStart="",rawEnd="",rawStart=rawEnd,countsAsStaffed=0),0,overlapDays/TIME(0,30,0))) | J8: =LET(id,Schedule_Matrix!$A8,code,UPPER(TRIM(Schedule_Matrix!$D8)),rawStart,Schedule_Matrix!$F8,rawEnd,Schedule_Matrix!$G8,countsAsStaffed,IFERROR(--XLOOKUP(code,UPPER(tblActivityCodes[Code]),tblActivityCodes[CountsAsStaffed],0),0),startDT,IF(INT(rawStart)>0,rawStart,SelectedDate+MOD(rawStart,1)),endBase,IF(INT(rawEnd)>0,rawEnd,SelectedDate+MOD(rawEnd,1)),endDT,IF(endBase<=startDT,endBase+1,endBase),intervalStart,SelectedDate+Schedule_Matrix!J$1,intervalEnd,intervalStart+TIME(0,30,0),overlapDays,MAX(0,MIN(endDT,intervalEnd)-MAX(startDT,intervalStart)),IF(OR(id="",code="",rawStart="",rawEnd="",rawStart=rawEnd,countsAsStaffed=0),0,overlapDays/TIME(0,30,0))) | K8: =LET(id,Schedule_Matrix!$A8,code,UPPER(TRIM(Schedule_Matrix!$D8)),rawStart,Schedule_Matrix!$F8,rawEnd,Schedule_Matrix!$G8,countsAsStaffed,IFERROR(--XLOOKUP(code,UPPER(tblActivityCodes[Code]),tblActivityCodes[CountsAsStaffed],0),0),startDT,IF(INT(rawStart)>0,rawStart,SelectedDate+MOD(rawStart,1)),endBase,IF(INT(rawEnd)>0,rawEnd,SelectedDate+MOD(rawEnd,1)),endDT,IF(endBase<=startDT,endBase+1,endBase),intervalStart,SelectedDate+Schedule_Matrix!K$1,intervalEnd,intervalStart+TIME(0,30,0),overlapDays,MAX(0,MIN(endDT,intervalEnd)-MAX(startDT,intervalStart)),IF(OR(id="",code="",rawStart="",rawEnd="",rawStart=rawEnd,countsAsStaffed=0),0,overlapDays/TIME(0,30,0))) | L8: =LET(id,Schedule_Matrix!$A8,code,UPPER(TRIM(Schedule_Matrix!$D8)),rawStart,Schedule_Matrix!$F8,rawEnd,Schedule_Matrix!$G8,countsAsStaffed,IFERROR(--XLOOKUP(code,UPPER(tblActivityCodes[Code]),tblActivityCodes[CountsAsStaffed],0),0),startDT,IF(INT(rawStart)>0,rawStart,SelectedDate+MOD(rawStart,1)),endBase,IF(INT(rawEnd)>0,rawEnd,SelectedDate+MOD(rawEnd,1)),endDT,IF(endBase<=startDT,endBase+1,endBase),intervalStart,SelectedDate+Schedule_Matrix!L$1,intervalEnd,intervalStart+TIME(0,30,0),overlapDays,MAX(0,MIN(endDT,intervalEnd)-MAX(startDT,intervalStart)),IF(OR(id="",code="",rawStart="",rawEnd="",rawStart=rawEnd,countsAsStaffed=0),0,overlapDays/TIME(0,30,0))) | M8: =LET(id,Schedule_Matrix!$A8,code,UPPER(TRIM(Schedule_Matrix!$D8)),rawStart,Schedule_Matrix!$F8,rawEnd,Schedule_Matrix!$G8,countsAsStaffed,IFERROR(--XLOOKUP(code,UPPER(tblActivityCodes[Code]),tblActivityCodes[CountsAsStaffed],0),0),startDT,IF(INT(rawStart)>0,rawStart,SelectedDate+MOD(rawStart,1)),endBase,IF(INT(rawEnd)>0,rawEnd,SelectedDate+MOD(rawEnd,1)),endDT,IF(endBase<=startDT,endBase+1,endBase),intervalStart,SelectedDate+Schedule_Matrix!M$1,intervalEnd,intervalStart+TIME(0,30,0),overlapDays,MAX(0,MIN(endDT,intervalEnd)-MAX(startDT,intervalStart)),IF(OR(id="",code="",rawStart="",rawEnd="",rawStart=rawEnd,countsAsStaffed=0),0,overlapDays/TIME(0,30,0))) | N8: =LET(id,Schedule_Matrix!$A8,code,UPPER(TRIM(Schedule_Matrix!$D8)),rawStart,Schedule_Matrix!$F8,rawEnd,Schedule_Matrix!$G8,countsAsStaffed,IFERROR(--XLOOKUP(code,UPPER(tblActivityCodes[Code]),tblActivityCodes[CountsAsStaffed],0),0),startDT,IF(INT(rawStart)>0,rawStart,SelectedDate+MOD(rawStart,1)),endBase,IF(INT(rawEnd)>0,rawEnd,SelectedDate+MOD(rawEnd,1)),endDT,IF(endBase<=startDT,endBase+1,endBase),intervalStart,SelectedDate+Schedule_Matrix!N$1,intervalEnd,intervalStart+TIME(0,30,0),overlapDays,MAX(0,MIN(endDT,intervalEnd)-MAX(startDT,intervalStart)),IF(OR(id="",code="",rawStart="",rawEnd="",rawStart=rawEnd,countsAsStaffed=0),0,overlapDays/TIME(0,30,0))) | O8: =LET(id,Schedule_Matrix!$A8,code,UPPER(TRIM(Schedule_Matrix!$D8)),rawStart,Schedule_Matrix!$F8,rawEnd,Schedule_Matrix!$G8,countsAsStaffed,IFERROR(--XLOOKUP(code,UPPER(tblActivityCodes[Code]),tblActivityCodes[CountsAsStaffed],0),0),startDT,IF(INT(rawStart)>0,rawStart,SelectedDate+MOD(rawStart,1)),endBase,IF(INT(rawEnd)>0,rawEnd,SelectedDate+MOD(rawEnd,1)),endDT,IF(endBase<=startDT,endBase+1,endBase),intervalStart,SelectedDate+Schedule_Matrix!O$1,intervalEnd,intervalStart+TIME(0,30,0),overlapDays,MAX(0,MIN(endDT,intervalEnd)-MAX(startDT,intervalStart)),IF(OR(id="",code="",rawStart="",rawEnd="",rawStart=rawEnd,countsAsStaffed=0),0,overlapDays/TIME(0,30,0))) | ... BC8: =LET(id,Schedule_Matrix!$A8,code,UPPER(TRIM(Schedule_Matrix!$D8)),rawStart,Schedule_Matrix!$F8,rawEnd,Schedule_Matrix!$G8,countsAsStaffed,IFERROR(--XLOOKUP(code,UPPER(tblActivityCodes[Code]),tblActivityCodes[CountsAsStaffed],0),0),startDT,IF(INT(rawStart)>0,rawStart,SelectedDate+MOD(rawStart,1)),endBase,IF(INT(rawEnd)>0,rawEnd,SelectedDate+MOD(rawEnd,1)),endDT,IF(endBase<=startDT,endBase+1,endBase),intervalStart,SelectedDate+Schedule_Matrix!BC$1,intervalEnd,intervalStart+TIME(0,30,0),overlapDays,MAX(0,MIN(endDT,intervalEnd)-MAX(startDT,intervalStart)),IF(OR(id="",code="",rawStart="",rawEnd="",rawStart=rawEnd,countsAsStaffed=0),0,overlapDays/TIME(0,30,0)))
A9: =Schedule_Matrix!A9 | B9: =Schedule_Matrix!B9 | C9: =Schedule_Matrix!C9 | D9: =Schedule_Matrix!D9 | E9: =Schedule_Matrix!E9 | F9: =Schedule_Matrix!F9 | G9: =Schedule_Matrix!G9 | H9: =LET(id,Schedule_Matrix!$A9,code,UPPER(TRIM(Schedule_Matrix!$D9)),rawStart,Schedule_Matrix!$F9,rawEnd,Schedule_Matrix!$G9,countsAsStaffed,IFERROR(--XLOOKUP(code,UPPER(tblActivityCodes[Code]),tblActivityCodes[CountsAsStaffed],0),0),startDT,IF(INT(rawStart)>0,rawStart,SelectedDate+MOD(rawStart,1)),endBase,IF(INT(rawEnd)>0,rawEnd,SelectedDate+MOD(rawEnd,1)),endDT,IF(endBase<=startDT,endBase+1,endBase),intervalStart,SelectedDate+Schedule_Matrix!H$1,intervalEnd,intervalStart+TIME(0,30,0),overlapDays,MAX(0,MIN(endDT,intervalEnd)-MAX(startDT,intervalStart)),IF(OR(id="",code="",rawStart="",rawEnd="",rawStart=rawEnd,countsAsStaffed=0),0,overlapDays/TIME(0,30,0))) | I9: =LET(id,Schedule_Matrix!$A9,code,UPPER(TRIM(Schedule_Matrix!$D9)),rawStart,Schedule_Matrix!$F9,rawEnd,Schedule_Matrix!$G9,countsAsStaffed,IFERROR(--XLOOKUP(code,UPPER(tblActivityCodes[Code]),tblActivityCodes[CountsAsStaffed],0),0),startDT,IF(INT(rawStart)>0,rawStart,SelectedDate+MOD(rawStart,1)),endBase,IF(INT(rawEnd)>0,rawEnd,SelectedDate+MOD(rawEnd,1)),endDT,IF(endBase<=startDT,endBase+1,endBase),intervalStart,SelectedDate+Schedule_Matrix!I$1,intervalEnd,intervalStart+TIME(0,30,0),overlapDays,MAX(0,MIN(endDT,intervalEnd)-MAX(startDT,intervalStart)),IF(OR(id="",code="",rawStart="",rawEnd="",rawStart=rawEnd,countsAsStaffed=0),0,overlapDays/TIME(0,30,0))) | J9: =LET(id,Schedule_Matrix!$A9,code,UPPER(TRIM(Schedule_Matrix!$D9)),rawStart,Schedule_Matrix!$F9,rawEnd,Schedule_Matrix!$G9,countsAsStaffed,IFERROR(--XLOOKUP(code,UPPER(tblActivityCodes[Code]),tblActivityCodes[CountsAsStaffed],0),0),startDT,IF(INT(rawStart)>0,rawStart,SelectedDate+MOD(rawStart,1)),endBase,IF(INT(rawEnd)>0,rawEnd,SelectedDate+MOD(rawEnd,1)),endDT,IF(endBase<=startDT,endBase+1,endBase),intervalStart,SelectedDate+Schedule_Matrix!J$1,intervalEnd,intervalStart+TIME(0,30,0),overlapDays,MAX(0,MIN(endDT,intervalEnd)-MAX(startDT,intervalStart)),IF(OR(id="",code="",rawStart="",rawEnd="",rawStart=rawEnd,countsAsStaffed=0),0,overlapDays/TIME(0,30,0))) | K9: =LET(id,Schedule_Matrix!$A9,code,UPPER(TRIM(Schedule_Matrix!$D9)),rawStart,Schedule_Matrix!$F9,rawEnd,Schedule_Matrix!$G9,countsAsStaffed,IFERROR(--XLOOKUP(code,UPPER(tblActivityCodes[Code]),tblActivityCodes[CountsAsStaffed],0),0),startDT,IF(INT(rawStart)>0,rawStart,SelectedDate+MOD(rawStart,1)),endBase,IF(INT(rawEnd)>0,rawEnd,SelectedDate+MOD(rawEnd,1)),endDT,IF(endBase<=startDT,endBase+1,endBase),intervalStart,SelectedDate+Schedule_Matrix!K$1,intervalEnd,intervalStart+TIME(0,30,0),overlapDays,MAX(0,MIN(endDT,intervalEnd)-MAX(startDT,intervalStart)),IF(OR(id="",code="",rawStart="",rawEnd="",rawStart=rawEnd,countsAsStaffed=0),0,overlapDays/TIME(0,30,0))) | L9: =LET(id,Schedule_Matrix!$A9,code,UPPER(TRIM(Schedule_Matrix!$D9)),rawStart,Schedule_Matrix!$F9,rawEnd,Schedule_Matrix!$G9,countsAsStaffed,IFERROR(--XLOOKUP(code,UPPER(tblActivityCodes[Code]),tblActivityCodes[CountsAsStaffed],0),0),startDT,IF(INT(rawStart)>0,rawStart,SelectedDate+MOD(rawStart,1)),endBase,IF(INT(rawEnd)>0,rawEnd,SelectedDate+MOD(rawEnd,1)),endDT,IF(endBase<=startDT,endBase+1,endBase),intervalStart,SelectedDate+Schedule_Matrix!L$1,intervalEnd,intervalStart+TIME(0,30,0),overlapDays,MAX(0,MIN(endDT,intervalEnd)-MAX(startDT,intervalStart)),IF(OR(id="",code="",rawStart="",rawEnd="",rawStart=rawEnd,countsAsStaffed=0),0,overlapDays/TIME(0,30,0))) | M9: =LET(id,Schedule_Matrix!$A9,code,UPPER(TRIM(Schedule_Matrix!$D9)),rawStart,Schedule_Matrix!$F9,rawEnd,Schedule_Matrix!$G9,countsAsStaffed,IFERROR(--XLOOKUP(code,UPPER(tblActivityCodes[Code]),tblActivityCodes[CountsAsStaffed],0),0),startDT,IF(INT(rawStart)>0,rawStart,SelectedDate+MOD(rawStart,1)),endBase,IF(INT(rawEnd)>0,rawEnd,SelectedDate+MOD(rawEnd,1)),endDT,IF(endBase<=startDT,endBase+1,endBase),intervalStart,SelectedDate+Schedule_Matrix!M$1,intervalEnd,intervalStart+TIME(0,30,0),overlapDays,MAX(0,MIN(endDT,intervalEnd)-MAX(startDT,intervalStart)),IF(OR(id="",code="",rawStart="",rawEnd="",rawStart=rawEnd,countsAsStaffed=0),0,overlapDays/TIME(0,30,0))) | N9: =LET(id,Schedule_Matrix!$A9,code,UPPER(TRIM(Schedule_Matrix!$D9)),rawStart,Schedule_Matrix!$F9,rawEnd,Schedule_Matrix!$G9,countsAsStaffed,IFERROR(--XLOOKUP(code,UPPER(tblActivityCodes[Code]),tblActivityCodes[CountsAsStaffed],0),0),startDT,IF(INT(rawStart)>0,rawStart,SelectedDate+MOD(rawStart,1)),endBase,IF(INT(rawEnd)>0,rawEnd,SelectedDate+MOD(rawEnd,1)),endDT,IF(endBase<=startDT,endBase+1,endBase),intervalStart,SelectedDate+Schedule_Matrix!N$1,intervalEnd,intervalStart+TIME(0,30,0),overlapDays,MAX(0,MIN(endDT,intervalEnd)-MAX(startDT,intervalStart)),IF(OR(id="",code="",rawStart="",rawEnd="",rawStart=rawEnd,countsAsStaffed=0),0,overlapDays/TIME(0,30,0))) | O9: =LET(id,Schedule_Matrix!$A9,code,UPPER(TRIM(Schedule_Matrix!$D9)),rawStart,Schedule_Matrix!$F9,rawEnd,Schedule_Matrix!$G9,countsAsStaffed,IFERROR(--XLOOKUP(code,UPPER(tblActivityCodes[Code]),tblActivityCodes[CountsAsStaffed],0),0),startDT,IF(INT(rawStart)>0,rawStart,SelectedDate+MOD(rawStart,1)),endBase,IF(INT(rawEnd)>0,rawEnd,SelectedDate+MOD(rawEnd,1)),endDT,IF(endBase<=startDT,endBase+1,endBase),intervalStart,SelectedDate+Schedule_Matrix!O$1,intervalEnd,intervalStart+TIME(0,30,0),overlapDays,MAX(0,MIN(endDT,intervalEnd)-MAX(startDT,intervalStart)),IF(OR(id="",code="",rawStart="",rawEnd="",rawStart=rawEnd,countsAsStaffed=0),0,overlapDays/TIME(0,30,0))) | ... BC9: =LET(id,Schedule_Matrix!$A9,code,UPPER(TRIM(Schedule_Matrix!$D9)),rawStart,Schedule_Matrix!$F9,rawEnd,Schedule_Matrix!$G9,countsAsStaffed,IFERROR(--XLOOKUP(code,UPPER(tblActivityCodes[Code]),tblActivityCodes[CountsAsStaffed],0),0),startDT,IF(INT(rawStart)>0,rawStart,SelectedDate+MOD(rawStart,1)),endBase,IF(INT(rawEnd)>0,rawEnd,SelectedDate+MOD(rawEnd,1)),endDT,IF(endBase<=startDT,endBase+1,endBase),intervalStart,SelectedDate+Schedule_Matrix!BC$1,intervalEnd,intervalStart+TIME(0,30,0),overlapDays,MAX(0,MIN(endDT,intervalEnd)-MAX(startDT,intervalStart)),IF(OR(id="",code="",rawStart="",rawEnd="",rawStart=rawEnd,countsAsStaffed=0),0,overlapDays/TIME(0,30,0)))
A10: =Schedule_Matrix!A10 | B10: =Schedule_Matrix!B10 | C10: =Schedule_Matrix!C10 | D10: =Schedule_Matrix!D10 | E10: =Schedule_Matrix!E10 | F10: =Schedule_Matrix!F10 | G10: =Schedule_Matrix!G10 | H10: =LET(id,Schedule_Matrix!$A10,code,UPPER(TRIM(Schedule_Matrix!$D10)),rawStart,Schedule_Matrix!$F10,rawEnd,Schedule_Matrix!$G10,countsAsStaffed,IFERROR(--XLOOKUP(code,UPPER(tblActivityCodes[Code]),tblActivityCodes[CountsAsStaffed],0),0),startDT,IF(INT(rawStart)>0,rawStart,SelectedDate+MOD(rawStart,1)),endBase,IF(INT(rawEnd)>0,rawEnd,SelectedDate+MOD(rawEnd,1)),endDT,IF(endBase<=startDT,endBase+1,endBase),intervalStart,SelectedDate+Schedule_Matrix!H$1,intervalEnd,intervalStart+TIME(0,30,0),overlapDays,MAX(0,MIN(endDT,intervalEnd)-MAX(startDT,intervalStart)),IF(OR(id="",code="",rawStart="",rawEnd="",rawStart=rawEnd,countsAsStaffed=0),0,overlapDays/TIME(0,30,0))) | I10: =LET(id,Schedule_Matrix!$A10,code,UPPER(TRIM(Schedule_Matrix!$D10)),rawStart,Schedule_Matrix!$F10,rawEnd,Schedule_Matrix!$G10,countsAsStaffed,IFERROR(--XLOOKUP(code,UPPER(tblActivityCodes[Code]),tblActivityCodes[CountsAsStaffed],0),0),startDT,IF(INT(rawStart)>0,rawStart,SelectedDate+MOD(rawStart,1)),endBase,IF(INT(rawEnd)>0,rawEnd,SelectedDate+MOD(rawEnd,1)),endDT,IF(endBase<=startDT,endBase+1,endBase),intervalStart,SelectedDate+Schedule_Matrix!I$1,intervalEnd,intervalStart+TIME(0,30,0),overlapDays,MAX(0,MIN(endDT,intervalEnd)-MAX(startDT,intervalStart)),IF(OR(id="",code="",rawStart="",rawEnd="",rawStart=rawEnd,countsAsStaffed=0),0,overlapDays/TIME(0,30,0))) | J10: =LET(id,Schedule_Matrix!$A10,code,UPPER(TRIM(Schedule_Matrix!$D10)),rawStart,Schedule_Matrix!$F10,rawEnd,Schedule_Matrix!$G10,countsAsStaffed,IFERROR(--XLOOKUP(code,UPPER(tblActivityCodes[Code]),tblActivityCodes[CountsAsStaffed],0),0),startDT,IF(INT(rawStart)>0,rawStart,SelectedDate+MOD(rawStart,1)),endBase,IF(INT(rawEnd)>0,rawEnd,SelectedDate+MOD(rawEnd,1)),endDT,IF(endBase<=startDT,endBase+1,endBase),intervalStart,SelectedDate+Schedule_Matrix!J$1,intervalEnd,intervalStart+TIME(0,30,0),overlapDays,MAX(0,MIN(endDT,intervalEnd)-MAX(startDT,intervalStart)),IF(OR(id="",code="",rawStart="",rawEnd="",rawStart=rawEnd,countsAsStaffed=0),0,overlapDays/TIME(0,30,0))) | K10: =LET(id,Schedule_Matrix!$A10,code,UPPER(TRIM(Schedule_Matrix!$D10)),rawStart,Schedule_Matrix!$F10,rawEnd,Schedule_Matrix!$G10,countsAsStaffed,IFERROR(--XLOOKUP(code,UPPER(tblActivityCodes[Code]),tblActivityCodes[CountsAsStaffed],0),0),startDT,IF(INT(rawStart)>0,rawStart,SelectedDate+MOD(rawStart,1)),endBase,IF(INT(rawEnd)>0,rawEnd,SelectedDate+MOD(rawEnd,1)),endDT,IF(endBase<=startDT,endBase+1,endBase),intervalStart,SelectedDate+Schedule_Matrix!K$1,intervalEnd,intervalStart+TIME(0,30,0),overlapDays,MAX(0,MIN(endDT,intervalEnd)-MAX(startDT,intervalStart)),IF(OR(id="",code="",rawStart="",rawEnd="",rawStart=rawEnd,countsAsStaffed=0),0,overlapDays/TIME(0,30,0))) | L10: =LET(id,Schedule_Matrix!$A10,code,UPPER(TRIM(Schedule_Matrix!$D10)),rawStart,Schedule_Matrix!$F10,rawEnd,Schedule_Matrix!$G10,countsAsStaffed,IFERROR(--XLOOKUP(code,UPPER(tblActivityCodes[Code]),tblActivityCodes[CountsAsStaffed],0),0),startDT,IF(INT(rawStart)>0,rawStart,SelectedDate+MOD(rawStart,1)),endBase,IF(INT(rawEnd)>0,rawEnd,SelectedDate+MOD(rawEnd,1)),endDT,IF(endBase<=startDT,endBase+1,endBase),intervalStart,SelectedDate+Schedule_Matrix!L$1,intervalEnd,intervalStart+TIME(0,30,0),overlapDays,MAX(0,MIN(endDT,intervalEnd)-MAX(startDT,intervalStart)),IF(OR(id="",code="",rawStart="",rawEnd="",rawStart=rawEnd,countsAsStaffed=0),0,overlapDays/TIME(0,30,0))) | M10: =LET(id,Schedule_Matrix!$A10,code,UPPER(TRIM(Schedule_Matrix!$D10)),rawStart,Schedule_Matrix!$F10,rawEnd,Schedule_Matrix!$G10,countsAsStaffed,IFERROR(--XLOOKUP(code,UPPER(tblActivityCodes[Code]),tblActivityCodes[CountsAsStaffed],0),0),startDT,IF(INT(rawStart)>0,rawStart,SelectedDate+MOD(rawStart,1)),endBase,IF(INT(rawEnd)>0,rawEnd,SelectedDate+MOD(rawEnd,1)),endDT,IF(endBase<=startDT,endBase+1,endBase),intervalStart,SelectedDate+Schedule_Matrix!M$1,intervalEnd,intervalStart+TIME(0,30,0),overlapDays,MAX(0,MIN(endDT,intervalEnd)-MAX(startDT,intervalStart)),IF(OR(id="",code="",rawStart="",rawEnd="",rawStart=rawEnd,countsAsStaffed=0),0,overlapDays/TIME(0,30,0))) | N10: =LET(id,Schedule_Matrix!$A10,code,UPPER(TRIM(Schedule_Matrix!$D10)),rawStart,Schedule_Matrix!$F10,rawEnd,Schedule_Matrix!$G10,countsAsStaffed,IFERROR(--XLOOKUP(code,UPPER(tblActivityCodes[Code]),tblActivityCodes[CountsAsStaffed],0),0),startDT,IF(INT(rawStart)>0,rawStart,SelectedDate+MOD(rawStart,1)),endBase,IF(INT(rawEnd)>0,rawEnd,SelectedDate+MOD(rawEnd,1)),endDT,IF(endBase<=startDT,endBase+1,endBase),intervalStart,SelectedDate+Schedule_Matrix!N$1,intervalEnd,intervalStart+TIME(0,30,0),overlapDays,MAX(0,MIN(endDT,intervalEnd)-MAX(startDT,intervalStart)),IF(OR(id="",code="",rawStart="",rawEnd="",rawStart=rawEnd,countsAsStaffed=0),0,overlapDays/TIME(0,30,0))) | O10: =LET(id,Schedule_Matrix!$A10,code,UPPER(TRIM(Schedule_Matrix!$D10)),rawStart,Schedule_Matrix!$F10,rawEnd,Schedule_Matrix!$G10,countsAsStaffed,IFERROR(--XLOOKUP(code,UPPER(tblActivityCodes[Code]),tblActivityCodes[CountsAsStaffed],0),0),startDT,IF(INT(rawStart)>0,rawStart,SelectedDate+MOD(rawStart,1)),endBase,IF(INT(rawEnd)>0,rawEnd,SelectedDate+MOD(rawEnd,1)),endDT,IF(endBase<=startDT,endBase+1,endBase),intervalStart,SelectedDate+Schedule_Matrix!O$1,intervalEnd,intervalStart+TIME(0,30,0),overlapDays,MAX(0,MIN(endDT,intervalEnd)-MAX(startDT,intervalStart)),IF(OR(id="",code="",rawStart="",rawEnd="",rawStart=rawEnd,countsAsStaffed=0),0,overlapDays/TIME(0,30,0))) | ... BC10: =LET(id,Schedule_Matrix!$A10,code,UPPER(TRIM(Schedule_Matrix!$D10)),rawStart,Schedule_Matrix!$F10,rawEnd,Schedule_Matrix!$G10,countsAsStaffed,IFERROR(--XLOOKUP(code,UPPER(tblActivityCodes[Code]),tblActivityCodes[CountsAsStaffed],0),0),startDT,IF(INT(rawStart)>0,rawStart,SelectedDate+MOD(rawStart,1)),endBase,IF(INT(rawEnd)>0,rawEnd,SelectedDate+MOD(rawEnd,1)),endDT,IF(endBase<=startDT,endBase+1,endBase),intervalStart,SelectedDate+Schedule_Matrix!BC$1,intervalEnd,intervalStart+TIME(0,30,0),overlapDays,MAX(0,MIN(endDT,intervalEnd)-MAX(startDT,intervalStart)),IF(OR(id="",code="",rawStart="",rawEnd="",rawStart=rawEnd,countsAsStaffed=0),0,overlapDays/TIME(0,30,0)))
H11: =LET(id,Schedule_Matrix!$A11,code,UPPER(TRIM(Schedule_Matrix!$D11)),rawStart,Schedule_Matrix!$F11,rawEnd,Schedule_Matrix!$G11,countsAsStaffed,IFERROR(--XLOOKUP(code,UPPER(tblActivityCodes[Code]),tblActivityCodes[CountsAsStaffed],0),0),startDT,IF(INT(rawStart)>0,rawStart,SelectedDate+MOD(rawStart,1)),endBase,IF(INT(rawEnd)>0,rawEnd,SelectedDate+MOD(rawEnd,1)),endDT,IF(endBase<=startDT,endBase+1,endBase),intervalStart,SelectedDate+Schedule_Matrix!H$1,intervalEnd,intervalStart+TIME(0,30,0),overlapDays,MAX(0,MIN(endDT,intervalEnd)-MAX(startDT,intervalStart)),IF(OR(id="",code="",rawStart="",rawEnd="",rawStart=rawEnd,countsAsStaffed=0),0,overlapDays/TIME(0,30,0))) | I11: =LET(id,Schedule_Matrix!$A11,code,UPPER(TRIM(Schedule_Matrix!$D11)),rawStart,Schedule_Matrix!$F11,rawEnd,Schedule_Matrix!$G11,countsAsStaffed,IFERROR(--XLOOKUP(code,UPPER(tblActivityCodes[Code]),tblActivityCodes[CountsAsStaffed],0),0),startDT,IF(INT(rawStart)>0,rawStart,SelectedDate+MOD(rawStart,1)),endBase,IF(INT(rawEnd)>0,rawEnd,SelectedDate+MOD(rawEnd,1)),endDT,IF(endBase<=startDT,endBase+1,endBase),intervalStart,SelectedDate+Schedule_Matrix!I$1,intervalEnd,intervalStart+TIME(0,30,0),overlapDays,MAX(0,MIN(endDT,intervalEnd)-MAX(startDT,intervalStart)),IF(OR(id="",code="",rawStart="",rawEnd="",rawStart=rawEnd,countsAsStaffed=0),0,overlapDays/TIME(0,30,0))) | J11: =LET(id,Schedule_Matrix!$A11,code,UPPER(TRIM(Schedule_Matrix!$D11)),rawStart,Schedule_Matrix!$F11,rawEnd,Schedule_Matrix!$G11,countsAsStaffed,IFERROR(--XLOOKUP(code,UPPER(tblActivityCodes[Code]),tblActivityCodes[CountsAsStaffed],0),0),startDT,IF(INT(rawStart)>0,rawStart,SelectedDate+MOD(rawStart,1)),endBase,IF(INT(rawEnd)>0,rawEnd,SelectedDate+MOD(rawEnd,1)),endDT,IF(endBase<=startDT,endBase+1,endBase),intervalStart,SelectedDate+Schedule_Matrix!J$1,intervalEnd,intervalStart+TIME(0,30,0),overlapDays,MAX(0,MIN(endDT,intervalEnd)-MAX(startDT,intervalStart)),IF(OR(id="",code="",rawStart="",rawEnd="",rawStart=rawEnd,countsAsStaffed=0),0,overlapDays/TIME(0,30,0))) | K11: =LET(id,Schedule_Matrix!$A11,code,UPPER(TRIM(Schedule_Matrix!$D11)),rawStart,Schedule_Matrix!$F11,rawEnd,Schedule_Matrix!$G11,countsAsStaffed,IFERROR(--XLOOKUP(code,UPPER(tblActivityCodes[Code]),tblActivityCodes[CountsAsStaffed],0),0),startDT,IF(INT(rawStart)>0,rawStart,SelectedDate+MOD(rawStart,1)),endBase,IF(INT(rawEnd)>0,rawEnd,SelectedDate+MOD(rawEnd,1)),endDT,IF(endBase<=startDT,endBase+1,endBase),intervalStart,SelectedDate+Schedule_Matrix!K$1,intervalEnd,intervalStart+TIME(0,30,0),overlapDays,MAX(0,MIN(endDT,intervalEnd)-MAX(startDT,intervalStart)),IF(OR(id="",code="",rawStart="",rawEnd="",rawStart=rawEnd,countsAsStaffed=0),0,overlapDays/TIME(0,30,0))) | L11: =LET(id,Schedule_Matrix!$A11,code,UPPER(TRIM(Schedule_Matrix!$D11)),rawStart,Schedule_Matrix!$F11,rawEnd,Schedule_Matrix!$G11,countsAsStaffed,IFERROR(--XLOOKUP(code,UPPER(tblActivityCodes[Code]),tblActivityCodes[CountsAsStaffed],0),0),startDT,IF(INT(rawStart)>0,rawStart,SelectedDate+MOD(rawStart,1)),endBase,IF(INT(rawEnd)>0,rawEnd,SelectedDate+MOD(rawEnd,1)),endDT,IF(endBase<=startDT,endBase+1,endBase),intervalStart,SelectedDate+Schedule_Matrix!L$1,intervalEnd,intervalStart+TIME(0,30,0),overlapDays,MAX(0,MIN(endDT,intervalEnd)-MAX(startDT,intervalStart)),IF(OR(id="",code="",rawStart="",rawEnd="",rawStart=rawEnd,countsAsStaffed=0),0,overlapDays/TIME(0,30,0))) | M11: =LET(id,Schedule_Matrix!$A11,code,UPPER(TRIM(Schedule_Matrix!$D11)),rawStart,Schedule_Matrix!$F11,rawEnd,Schedule_Matrix!$G11,countsAsStaffed,IFERROR(--XLOOKUP(code,UPPER(tblActivityCodes[Code]),tblActivityCodes[CountsAsStaffed],0),0),startDT,IF(INT(rawStart)>0,rawStart,SelectedDate+MOD(rawStart,1)),endBase,IF(INT(rawEnd)>0,rawEnd,SelectedDate+MOD(rawEnd,1)),endDT,IF(endBase<=startDT,endBase+1,endBase),intervalStart,SelectedDate+Schedule_Matrix!M$1,intervalEnd,intervalStart+TIME(0,30,0),overlapDays,MAX(0,MIN(endDT,intervalEnd)-MAX(startDT,intervalStart)),IF(OR(id="",code="",rawStart="",rawEnd="",rawStart=rawEnd,countsAsStaffed=0),0,overlapDays/TIME(0,30,0))) | N11: =LET(id,Schedule_Matrix!$A11,code,UPPER(TRIM(Schedule_Matrix!$D11)),rawStart,Schedule_Matrix!$F11,rawEnd,Schedule_Matrix!$G11,countsAsStaffed,IFERROR(--XLOOKUP(code,UPPER(tblActivityCodes[Code]),tblActivityCodes[CountsAsStaffed],0),0),startDT,IF(INT(rawStart)>0,rawStart,SelectedDate+MOD(rawStart,1)),endBase,IF(INT(rawEnd)>0,rawEnd,SelectedDate+MOD(rawEnd,1)),endDT,IF(endBase<=startDT,endBase+1,endBase),intervalStart,SelectedDate+Schedule_Matrix!N$1,intervalEnd,intervalStart+TIME(0,30,0),overlapDays,MAX(0,MIN(endDT,intervalEnd)-MAX(startDT,intervalStart)),IF(OR(id="",code="",rawStart="",rawEnd="",rawStart=rawEnd,countsAsStaffed=0),0,overlapDays/TIME(0,30,0))) | O11: =LET(id,Schedule_Matrix!$A11,code,UPPER(TRIM(Schedule_Matrix!$D11)),rawStart,Schedule_Matrix!$F11,rawEnd,Schedule_Matrix!$G11,countsAsStaffed,IFERROR(--XLOOKUP(code,UPPER(tblActivityCodes[Code]),tblActivityCodes[CountsAsStaffed],0),0),startDT,IF(INT(rawStart)>0,rawStart,SelectedDate+MOD(rawStart,1)),endBase,IF(INT(rawEnd)>0,rawEnd,SelectedDate+MOD(rawEnd,1)),endDT,IF(endBase<=startDT,endBase+1,endBase),intervalStart,SelectedDate+Schedule_Matrix!O$1,intervalEnd,intervalStart+TIME(0,30,0),overlapDays,MAX(0,MIN(endDT,intervalEnd)-MAX(startDT,intervalStart)),IF(OR(id="",code="",rawStart="",rawEnd="",rawStart=rawEnd,countsAsStaffed=0),0,overlapDays/TIME(0,30,0))) | ... BC11: =LET(id,Schedule_Matrix!$A11,code,UPPER(TRIM(Schedule_Matrix!$D11)),rawStart,Schedule_Matrix!$F11,rawEnd,Schedule_Matrix!$G11,countsAsStaffed,IFERROR(--XLOOKUP(code,UPPER(tblActivityCodes[Code]),tblActivityCodes[CountsAsStaffed],0),0),startDT,IF(INT(rawStart)>0,rawStart,SelectedDate+MOD(rawStart,1)),endBase,IF(INT(rawEnd)>0,rawEnd,SelectedDate+MOD(rawEnd,1)),endDT,IF(endBase<=startDT,endBase+1,endBase),intervalStart,SelectedDate+Schedule_Matrix!BC$1,intervalEnd,intervalStart+TIME(0,30,0),overlapDays,MAX(0,MIN(endDT,intervalEnd)-MAX(startDT,intervalStart)),IF(OR(id="",code="",rawStart="",rawEnd="",rawStart=rawEnd,countsAsStaffed=0),0,overlapDays/TIME(0,30,0)))
H12: =LET(id,Schedule_Matrix!$A12,code,UPPER(TRIM(Schedule_Matrix!$D12)),rawStart,Schedule_Matrix!$F12,rawEnd,Schedule_Matrix!$G12,countsAsStaffed,IFERROR(--XLOOKUP(code,UPPER(tblActivityCodes[Code]),tblActivityCodes[CountsAsStaffed],0),0),startDT,IF(INT(rawStart)>0,rawStart,SelectedDate+MOD(rawStart,1)),endBase,IF(INT(rawEnd)>0,rawEnd,SelectedDate+MOD(rawEnd,1)),endDT,IF(endBase<=startDT,endBase+1,endBase),intervalStart,SelectedDate+Schedule_Matrix!H$1,intervalEnd,intervalStart+TIME(0,30,0),overlapDays,MAX(0,MIN(endDT,intervalEnd)-MAX(startDT,intervalStart)),IF(OR(id="",code="",rawStart="",rawEnd="",rawStart=rawEnd,countsAsStaffed=0),0,overlapDays/TIME(0,30,0))) | I12: =LET(id,Schedule_Matrix!$A12,code,UPPER(TRIM(Schedule_Matrix!$D12)),rawStart,Schedule_Matrix!$F12,rawEnd,Schedule_Matrix!$G12,countsAsStaffed,IFERROR(--XLOOKUP(code,UPPER(tblActivityCodes[Code]),tblActivityCodes[CountsAsStaffed],0),0),startDT,IF(INT(rawStart)>0,rawStart,SelectedDate+MOD(rawStart,1)),endBase,IF(INT(rawEnd)>0,rawEnd,SelectedDate+MOD(rawEnd,1)),endDT,IF(endBase<=startDT,endBase+1,endBase),intervalStart,SelectedDate+Schedule_Matrix!I$1,intervalEnd,intervalStart+TIME(0,30,0),overlapDays,MAX(0,MIN(endDT,intervalEnd)-MAX(startDT,intervalStart)),IF(OR(id="",code="",rawStart="",rawEnd="",rawStart=rawEnd,countsAsStaffed=0),0,overlapDays/TIME(0,30,0))) | J12: =LET(id,Schedule_Matrix!$A12,code,UPPER(TRIM(Schedule_Matrix!$D12)),rawStart,Schedule_Matrix!$F12,rawEnd,Schedule_Matrix!$G12,countsAsStaffed,IFERROR(--XLOOKUP(code,UPPER(tblActivityCodes[Code]),tblActivityCodes[CountsAsStaffed],0),0),startDT,IF(INT(rawStart)>0,rawStart,SelectedDate+MOD(rawStart,1)),endBase,IF(INT(rawEnd)>0,rawEnd,SelectedDate+MOD(rawEnd,1)),endDT,IF(endBase<=startDT,endBase+1,endBase),intervalStart,SelectedDate+Schedule_Matrix!J$1,intervalEnd,intervalStart+TIME(0,30,0),overlapDays,MAX(0,MIN(endDT,intervalEnd)-MAX(startDT,intervalStart)),IF(OR(id="",code="",rawStart="",rawEnd="",rawStart=rawEnd,countsAsStaffed=0),0,overlapDays/TIME(0,30,0))) | K12: =LET(id,Schedule_Matrix!$A12,code,UPPER(TRIM(Schedule_Matrix!$D12)),rawStart,Schedule_Matrix!$F12,rawEnd,Schedule_Matrix!$G12,countsAsStaffed,IFERROR(--XLOOKUP(code,UPPER(tblActivityCodes[Code]),tblActivityCodes[CountsAsStaffed],0),0),startDT,IF(INT(rawStart)>0,rawStart,SelectedDate+MOD(rawStart,1)),endBase,IF(INT(rawEnd)>0,rawEnd,SelectedDate+MOD(rawEnd,1)),endDT,IF(endBase<=startDT,endBase+1,endBase),intervalStart,SelectedDate+Schedule_Matrix!K$1,intervalEnd,intervalStart+TIME(0,30,0),overlapDays,MAX(0,MIN(endDT,intervalEnd)-MAX(startDT,intervalStart)),IF(OR(id="",code="",rawStart="",rawEnd="",rawStart=rawEnd,countsAsStaffed=0),0,overlapDays/TIME(0,30,0))) | L12: =LET(id,Schedule_Matrix!$A12,code,UPPER(TRIM(Schedule_Matrix!$D12)),rawStart,Schedule_Matrix!$F12,rawEnd,Schedule_Matrix!$G12,countsAsStaffed,IFERROR(--XLOOKUP(code,UPPER(tblActivityCodes[Code]),tblActivityCodes[CountsAsStaffed],0),0),startDT,IF(INT(rawStart)>0,rawStart,SelectedDate+MOD(rawStart,1)),endBase,IF(INT(rawEnd)>0,rawEnd,SelectedDate+MOD(rawEnd,1)),endDT,IF(endBase<=startDT,endBase+1,endBase),intervalStart,SelectedDate+Schedule_Matrix!L$1,intervalEnd,intervalStart+TIME(0,30,0),overlapDays,MAX(0,MIN(endDT,intervalEnd)-MAX(startDT,intervalStart)),IF(OR(id="",code="",rawStart="",rawEnd="",rawStart=rawEnd,countsAsStaffed=0),0,overlapDays/TIME(0,30,0))) | M12: =LET(id,Schedule_Matrix!$A12,code,UPPER(TRIM(Schedule_Matrix!$D12)),rawStart,Schedule_Matrix!$F12,rawEnd,Schedule_Matrix!$G12,countsAsStaffed,IFERROR(--XLOOKUP(code,UPPER(tblActivityCodes[Code]),tblActivityCodes[CountsAsStaffed],0),0),startDT,IF(INT(rawStart)>0,rawStart,SelectedDate+MOD(rawStart,1)),endBase,IF(INT(rawEnd)>0,rawEnd,SelectedDate+MOD(rawEnd,1)),endDT,IF(endBase<=startDT,endBase+1,endBase),intervalStart,SelectedDate+Schedule_Matrix!M$1,intervalEnd,intervalStart+TIME(0,30,0),overlapDays,MAX(0,MIN(endDT,intervalEnd)-MAX(startDT,intervalStart)),IF(OR(id="",code="",rawStart="",rawEnd="",rawStart=rawEnd,countsAsStaffed=0),0,overlapDays/TIME(0,30,0))) | N12: =LET(id,Schedule_Matrix!$A12,code,UPPER(TRIM(Schedule_Matrix!$D12)),rawStart,Schedule_Matrix!$F12,rawEnd,Schedule_Matrix!$G12,countsAsStaffed,IFERROR(--XLOOKUP(code,UPPER(tblActivityCodes[Code]),tblActivityCodes[CountsAsStaffed],0),0),startDT,IF(INT(rawStart)>0,rawStart,SelectedDate+MOD(rawStart,1)),endBase,IF(INT(rawEnd)>0,rawEnd,SelectedDate+MOD(rawEnd,1)),endDT,IF(endBase<=startDT,endBase+1,endBase),intervalStart,SelectedDate+Schedule_Matrix!N$1,intervalEnd,intervalStart+TIME(0,30,0),overlapDays,MAX(0,MIN(endDT,intervalEnd)-MAX(startDT,intervalStart)),IF(OR(id="",code="",rawStart="",rawEnd="",rawStart=rawEnd,countsAsStaffed=0),0,overlapDays/TIME(0,30,0))) | O12: =LET(id,Schedule_Matrix!$A12,code,UPPER(TRIM(Schedule_Matrix!$D12)),rawStart,Schedule_Matrix!$F12,rawEnd,Schedule_Matrix!$G12,countsAsStaffed,IFERROR(--XLOOKUP(code,UPPER(tblActivityCodes[Code]),tblActivityCodes[CountsAsStaffed],0),0),startDT,IF(INT(rawStart)>0,rawStart,SelectedDate+MOD(rawStart,1)),endBase,IF(INT(rawEnd)>0,rawEnd,SelectedDate+MOD(rawEnd,1)),endDT,IF(endBase<=startDT,endBase+1,endBase),intervalStart,SelectedDate+Schedule_Matrix!O$1,intervalEnd,intervalStart+TIME(0,30,0),overlapDays,MAX(0,MIN(endDT,intervalEnd)-MAX(startDT,intervalStart)),IF(OR(id="",code="",rawStart="",rawEnd="",rawStart=rawEnd,countsAsStaffed=0),0,overlapDays/TIME(0,30,0))) | ... BC12: =LET(id,Schedule_Matrix!$A12,code,UPPER(TRIM(Schedule_Matrix!$D12)),rawStart,Schedule_Matrix!$F12,rawEnd,Schedule_Matrix!$G12,countsAsStaffed,IFERROR(--XLOOKUP(code,UPPER(tblActivityCodes[Code]),tblActivityCodes[CountsAsStaffed],0),0),startDT,IF(INT(rawStart)>0,rawStart,SelectedDate+MOD(rawStart,1)),endBase,IF(INT(rawEnd)>0,rawEnd,SelectedDate+MOD(rawEnd,1)),endDT,IF(endBase<=startDT,endBase+1,endBase),intervalStart,SelectedDate+Schedule_Matrix!BC$1,intervalEnd,intervalStart+TIME(0,30,0),overlapDays,MAX(0,MIN(endDT,intervalEnd)-MAX(startDT,intervalStart)),IF(OR(id="",code="",rawStart="",rawEnd="",rawStart=rawEnd,countsAsStaffed=0),0,overlapDays/TIME(0,30,0)))
H13: =LET(id,Schedule_Matrix!$A13,code,UPPER(TRIM(Schedule_Matrix!$D13)),rawStart,Schedule_Matrix!$F13,rawEnd,Schedule_Matrix!$G13,countsAsStaffed,IFERROR(--XLOOKUP(code,UPPER(tblActivityCodes[Code]),tblActivityCodes[CountsAsStaffed],0),0),startDT,IF(INT(rawStart)>0,rawStart,SelectedDate+MOD(rawStart,1)),endBase,IF(INT(rawEnd)>0,rawEnd,SelectedDate+MOD(rawEnd,1)),endDT,IF(endBase<=startDT,endBase+1,endBase),intervalStart,SelectedDate+Schedule_Matrix!H$1,intervalEnd,intervalStart+TIME(0,30,0),overlapDays,MAX(0,MIN(endDT,intervalEnd)-MAX(startDT,intervalStart)),IF(OR(id="",code="",rawStart="",rawEnd="",rawStart=rawEnd,countsAsStaffed=0),0,overlapDays/TIME(0,30,0))) | I13: =LET(id,Schedule_Matrix!$A13,code,UPPER(TRIM(Schedule_Matrix!$D13)),rawStart,Schedule_Matrix!$F13,rawEnd,Schedule_Matrix!$G13,countsAsStaffed,IFERROR(--XLOOKUP(code,UPPER(tblActivityCodes[Code]),tblActivityCodes[CountsAsStaffed],0),0),startDT,IF(INT(rawStart)>0,rawStart,SelectedDate+MOD(rawStart,1)),endBase,IF(INT(rawEnd)>0,rawEnd,SelectedDate+MOD(rawEnd,1)),endDT,IF(endBase<=startDT,endBase+1,endBase),intervalStart,SelectedDate+Schedule_Matrix!I$1,intervalEnd,intervalStart+TIME(0,30,0),overlapDays,MAX(0,MIN(endDT,intervalEnd)-MAX(startDT,intervalStart)),IF(OR(id="",code="",rawStart="",rawEnd="",rawStart=rawEnd,countsAsStaffed=0),0,overlapDays/TIME(0,30,0))) | J13: =LET(id,Schedule_Matrix!$A13,code,UPPER(TRIM(Schedule_Matrix!$D13)),rawStart,Schedule_Matrix!$F13,rawEnd,Schedule_Matrix!$G13,countsAsStaffed,IFERROR(--XLOOKUP(code,UPPER(tblActivityCodes[Code]),tblActivityCodes[CountsAsStaffed],0),0),startDT,IF(INT(rawStart)>0,rawStart,SelectedDate+MOD(rawStart,1)),endBase,IF(INT(rawEnd)>0,rawEnd,SelectedDate+MOD(rawEnd,1)),endDT,IF(endBase<=startDT,endBase+1,endBase),intervalStart,SelectedDate+Schedule_Matrix!J$1,intervalEnd,intervalStart+TIME(0,30,0),overlapDays,MAX(0,MIN(endDT,intervalEnd)-MAX(startDT,intervalStart)),IF(OR(id="",code="",rawStart="",rawEnd="",rawStart=rawEnd,countsAsStaffed=0),0,overlapDays/TIME(0,30,0))) | K13: =LET(id,Schedule_Matrix!$A13,code,UPPER(TRIM(Schedule_Matrix!$D13)),rawStart,Schedule_Matrix!$F13,rawEnd,Schedule_Matrix!$G13,countsAsStaffed,IFERROR(--XLOOKUP(code,UPPER(tblActivityCodes[Code]),tblActivityCodes[CountsAsStaffed],0),0),startDT,IF(INT(rawStart)>0,rawStart,SelectedDate+MOD(rawStart,1)),endBase,IF(INT(rawEnd)>0,rawEnd,SelectedDate+MOD(rawEnd,1)),endDT,IF(endBase<=startDT,endBase+1,endBase),intervalStart,SelectedDate+Schedule_Matrix!K$1,intervalEnd,intervalStart+TIME(0,30,0),overlapDays,MAX(0,MIN(endDT,intervalEnd)-MAX(startDT,intervalStart)),IF(OR(id="",code="",rawStart="",rawEnd="",rawStart=rawEnd,countsAsStaffed=0),0,overlapDays/TIME(0,30,0))) | L13: =LET(id,Schedule_Matrix!$A13,code,UPPER(TRIM(Schedule_Matrix!$D13)),rawStart,Schedule_Matrix!$F13,rawEnd,Schedule_Matrix!$G13,countsAsStaffed,IFERROR(--XLOOKUP(code,UPPER(tblActivityCodes[Code]),tblActivityCodes[CountsAsStaffed],0),0),startDT,IF(INT(rawStart)>0,rawStart,SelectedDate+MOD(rawStart,1)),endBase,IF(INT(rawEnd)>0,rawEnd,SelectedDate+MOD(rawEnd,1)),endDT,IF(endBase<=startDT,endBase+1,endBase),intervalStart,SelectedDate+Schedule_Matrix!L$1,intervalEnd,intervalStart+TIME(0,30,0),overlapDays,MAX(0,MIN(endDT,intervalEnd)-MAX(startDT,intervalStart)),IF(OR(id="",code="",rawStart="",rawEnd="",rawStart=rawEnd,countsAsStaffed=0),0,overlapDays/TIME(0,30,0))) | M13: =LET(id,Schedule_Matrix!$A13,code,UPPER(TRIM(Schedule_Matrix!$D13)),rawStart,Schedule_Matrix!$F13,rawEnd,Schedule_Matrix!$G13,countsAsStaffed,IFERROR(--XLOOKUP(code,UPPER(tblActivityCodes[Code]),tblActivityCodes[CountsAsStaffed],0),0),startDT,IF(INT(rawStart)>0,rawStart,SelectedDate+MOD(rawStart,1)),endBase,IF(INT(rawEnd)>0,rawEnd,SelectedDate+MOD(rawEnd,1)),endDT,IF(endBase<=startDT,endBase+1,endBase),intervalStart,SelectedDate+Schedule_Matrix!M$1,intervalEnd,intervalStart+TIME(0,30,0),overlapDays,MAX(0,MIN(endDT,intervalEnd)-MAX(startDT,intervalStart)),IF(OR(id="",code="",rawStart="",rawEnd="",rawStart=rawEnd,countsAsStaffed=0),0,overlapDays/TIME(0,30,0))) | N13: =LET(id,Schedule_Matrix!$A13,code,UPPER(TRIM(Schedule_Matrix!$D13)),rawStart,Schedule_Matrix!$F13,rawEnd,Schedule_Matrix!$G13,countsAsStaffed,IFERROR(--XLOOKUP(code,UPPER(tblActivityCodes[Code]),tblActivityCodes[CountsAsStaffed],0),0),startDT,IF(INT(rawStart)>0,rawStart,SelectedDate+MOD(rawStart,1)),endBase,IF(INT(rawEnd)>0,rawEnd,SelectedDate+MOD(rawEnd,1)),endDT,IF(endBase<=startDT,endBase+1,endBase),intervalStart,SelectedDate+Schedule_Matrix!N$1,intervalEnd,intervalStart+TIME(0,30,0),overlapDays,MAX(0,MIN(endDT,intervalEnd)-MAX(startDT,intervalStart)),IF(OR(id="",code="",rawStart="",rawEnd="",rawStart=rawEnd,countsAsStaffed=0),0,overlapDays/TIME(0,30,0))) | O13: =LET(id,Schedule_Matrix!$A13,code,UPPER(TRIM(Schedule_Matrix!$D13)),rawStart,Schedule_Matrix!$F13,rawEnd,Schedule_Matrix!$G13,countsAsStaffed,IFERROR(--XLOOKUP(code,UPPER(tblActivityCodes[Code]),tblActivityCodes[CountsAsStaffed],0),0),startDT,IF(INT(rawStart)>0,rawStart,SelectedDate+MOD(rawStart,1)),endBase,IF(INT(rawEnd)>0,rawEnd,SelectedDate+MOD(rawEnd,1)),endDT,IF(endBase<=startDT,endBase+1,endBase),intervalStart,SelectedDate+Schedule_Matrix!O$1,intervalEnd,intervalStart+TIME(0,30,0),overlapDays,MAX(0,MIN(endDT,intervalEnd)-MAX(startDT,intervalStart)),IF(OR(id="",code="",rawStart="",rawEnd="",rawStart=rawEnd,countsAsStaffed=0),0,overlapDays/TIME(0,30,0))) | ... BC13: =LET(id,Schedule_Matrix!$A13,code,UPPER(TRIM(Schedule_Matrix!$D13)),rawStart,Schedule_Matrix!$F13,rawEnd,Schedule_Matrix!$G13,countsAsStaffed,IFERROR(--XLOOKUP(code,UPPER(tblActivityCodes[Code]),tblActivityCodes[CountsAsStaffed],0),0),startDT,IF(INT(rawStart)>0,rawStart,SelectedDate+MOD(rawStart,1)),endBase,IF(INT(rawEnd)>0,rawEnd,SelectedDate+MOD(rawEnd,1)),endDT,IF(endBase<=startDT,endBase+1,endBase),intervalStart,SelectedDate+Schedule_Matrix!BC$1,intervalEnd,intervalStart+TIME(0,30,0),overlapDays,MAX(0,MIN(endDT,intervalEnd)-MAX(startDT,intervalStart)),IF(OR(id="",code="",rawStart="",rawEnd="",rawStart=rawEnd,countsAsStaffed=0),0,overlapDays/TIME(0,30,0)))
H14: =LET(id,Schedule_Matrix!$A14,code,UPPER(TRIM(Schedule_Matrix!$D14)),rawStart,Schedule_Matrix!$F14,rawEnd,Schedule_Matrix!$G14,countsAsStaffed,IFERROR(--XLOOKUP(code,UPPER(tblActivityCodes[Code]),tblActivityCodes[CountsAsStaffed],0),0),startDT,IF(INT(rawStart)>0,rawStart,SelectedDate+MOD(rawStart,1)),endBase,IF(INT(rawEnd)>0,rawEnd,SelectedDate+MOD(rawEnd,1)),endDT,IF(endBase<=startDT,endBase+1,endBase),intervalStart,SelectedDate+Schedule_Matrix!H$1,intervalEnd,intervalStart+TIME(0,30,0),overlapDays,MAX(0,MIN(endDT,intervalEnd)-MAX(startDT,intervalStart)),IF(OR(id="",code="",rawStart="",rawEnd="",rawStart=rawEnd,countsAsStaffed=0),0,overlapDays/TIME(0,30,0))) | I14: =LET(id,Schedule_Matrix!$A14,code,UPPER(TRIM(Schedule_Matrix!$D14)),rawStart,Schedule_Matrix!$F14,rawEnd,Schedule_Matrix!$G14,countsAsStaffed,IFERROR(--XLOOKUP(code,UPPER(tblActivityCodes[Code]),tblActivityCodes[CountsAsStaffed],0),0),startDT,IF(INT(rawStart)>0,rawStart,SelectedDate+MOD(rawStart,1)),endBase,IF(INT(rawEnd)>0,rawEnd,SelectedDate+MOD(rawEnd,1)),endDT,IF(endBase<=startDT,endBase+1,endBase),intervalStart,SelectedDate+Schedule_Matrix!I$1,intervalEnd,intervalStart+TIME(0,30,0),overlapDays,MAX(0,MIN(endDT,intervalEnd)-MAX(startDT,intervalStart)),IF(OR(id="",code="",rawStart="",rawEnd="",rawStart=rawEnd,countsAsStaffed=0),0,overlapDays/TIME(0,30,0))) | J14: =LET(id,Schedule_Matrix!$A14,code,UPPER(TRIM(Schedule_Matrix!$D14)),rawStart,Schedule_Matrix!$F14,rawEnd,Schedule_Matrix!$G14,countsAsStaffed,IFERROR(--XLOOKUP(code,UPPER(tblActivityCodes[Code]),tblActivityCodes[CountsAsStaffed],0),0),startDT,IF(INT(rawStart)>0,rawStart,SelectedDate+MOD(rawStart,1)),endBase,IF(INT(rawEnd)>0,rawEnd,SelectedDate+MOD(rawEnd,1)),endDT,IF(endBase<=startDT,endBase+1,endBase),intervalStart,SelectedDate+Schedule_Matrix!J$1,intervalEnd,intervalStart+TIME(0,30,0),overlapDays,MAX(0,MIN(endDT,intervalEnd)-MAX(startDT,intervalStart)),IF(OR(id="",code="",rawStart="",rawEnd="",rawStart=rawEnd,countsAsStaffed=0),0,overlapDays/TIME(0,30,0))) | K14: =LET(id,Schedule_Matrix!$A14,code,UPPER(TRIM(Schedule_Matrix!$D14)),rawStart,Schedule_Matrix!$F14,rawEnd,Schedule_Matrix!$G14,countsAsStaffed,IFERROR(--XLOOKUP(code,UPPER(tblActivityCodes[Code]),tblActivityCodes[CountsAsStaffed],0),0),startDT,IF(INT(rawStart)>0,rawStart,SelectedDate+MOD(rawStart,1)),endBase,IF(INT(rawEnd)>0,rawEnd,SelectedDate+MOD(rawEnd,1)),endDT,IF(endBase<=startDT,endBase+1,endBase),intervalStart,SelectedDate+Schedule_Matrix!K$1,intervalEnd,intervalStart+TIME(0,30,0),overlapDays,MAX(0,MIN(endDT,intervalEnd)-MAX(startDT,intervalStart)),IF(OR(id="",code="",rawStart="",rawEnd="",rawStart=rawEnd,countsAsStaffed=0),0,overlapDays/TIME(0,30,0))) | L14: =LET(id,Schedule_Matrix!$A14,code,UPPER(TRIM(Schedule_Matrix!$D14)),rawStart,Schedule_Matrix!$F14,rawEnd,Schedule_Matrix!$G14,countsAsStaffed,IFERROR(--XLOOKUP(code,UPPER(tblActivityCodes[Code]),tblActivityCodes[CountsAsStaffed],0),0),startDT,IF(INT(rawStart)>0,rawStart,SelectedDate+MOD(rawStart,1)),endBase,IF(INT(rawEnd)>0,rawEnd,SelectedDate+MOD(rawEnd,1)),endDT,IF(endBase<=startDT,endBase+1,endBase),intervalStart,SelectedDate+Schedule_Matrix!L$1,intervalEnd,intervalStart+TIME(0,30,0),overlapDays,MAX(0,MIN(endDT,intervalEnd)-MAX(startDT,intervalStart)),IF(OR(id="",code="",rawStart="",rawEnd="",rawStart=rawEnd,countsAsStaffed=0),0,overlapDays/TIME(0,30,0))) | M14: =LET(id,Schedule_Matrix!$A14,code,UPPER(TRIM(Schedule_Matrix!$D14)),rawStart,Schedule_Matrix!$F14,rawEnd,Schedule_Matrix!$G14,countsAsStaffed,IFERROR(--XLOOKUP(code,UPPER(tblActivityCodes[Code]),tblActivityCodes[CountsAsStaffed],0),0),startDT,IF(INT(rawStart)>0,rawStart,SelectedDate+MOD(rawStart,1)),endBase,IF(INT(rawEnd)>0,rawEnd,SelectedDate+MOD(rawEnd,1)),endDT,IF(endBase<=startDT,endBase+1,endBase),intervalStart,SelectedDate+Schedule_Matrix!M$1,intervalEnd,intervalStart+TIME(0,30,0),overlapDays,MAX(0,MIN(endDT,intervalEnd)-MAX(startDT,intervalStart)),IF(OR(id="",code="",rawStart="",rawEnd="",rawStart=rawEnd,countsAsStaffed=0),0,overlapDays/TIME(0,30,0))) | N14: =LET(id,Schedule_Matrix!$A14,code,UPPER(TRIM(Schedule_Matrix!$D14)),rawStart,Schedule_Matrix!$F14,rawEnd,Schedule_Matrix!$G14,countsAsStaffed,IFERROR(--XLOOKUP(code,UPPER(tblActivityCodes[Code]),tblActivityCodes[CountsAsStaffed],0),0),startDT,IF(INT(rawStart)>0,rawStart,SelectedDate+MOD(rawStart,1)),endBase,IF(INT(rawEnd)>0,rawEnd,SelectedDate+MOD(rawEnd,1)),endDT,IF(endBase<=startDT,endBase+1,endBase),intervalStart,SelectedDate+Schedule_Matrix!N$1,intervalEnd,intervalStart+TIME(0,30,0),overlapDays,MAX(0,MIN(endDT,intervalEnd)-MAX(startDT,intervalStart)),IF(OR(id="",code="",rawStart="",rawEnd="",rawStart=rawEnd,countsAsStaffed=0),0,overlapDays/TIME(0,30,0))) | O14: =LET(id,Schedule_Matrix!$A14,code,UPPER(TRIM(Schedule_Matrix!$D14)),rawStart,Schedule_Matrix!$F14,rawEnd,Schedule_Matrix!$G14,countsAsStaffed,IFERROR(--XLOOKUP(code,UPPER(tblActivityCodes[Code]),tblActivityCodes[CountsAsStaffed],0),0),startDT,IF(INT(rawStart)>0,rawStart,SelectedDate+MOD(rawStart,1)),endBase,IF(INT(rawEnd)>0,rawEnd,SelectedDate+MOD(rawEnd,1)),endDT,IF(endBase<=startDT,endBase+1,endBase),intervalStart,SelectedDate+Schedule_Matrix!O$1,intervalEnd,intervalStart+TIME(0,30,0),overlapDays,MAX(0,MIN(endDT,intervalEnd)-MAX(startDT,intervalStart)),IF(OR(id="",code="",rawStart="",rawEnd="",rawStart=rawEnd,countsAsStaffed=0),0,overlapDays/TIME(0,30,0))) | ... BC14: =LET(id,Schedule_Matrix!$A14,code,UPPER(TRIM(Schedule_Matrix!$D14)),rawStart,Schedule_Matrix!$F14,rawEnd,Schedule_Matrix!$G14,countsAsStaffed,IFERROR(--XLOOKUP(code,UPPER(tblActivityCodes[Code]),tblActivityCodes[CountsAsStaffed],0),0),startDT,IF(INT(rawStart)>0,rawStart,SelectedDate+MOD(rawStart,1)),endBase,IF(INT(rawEnd)>0,rawEnd,SelectedDate+MOD(rawEnd,1)),endDT,IF(endBase<=startDT,endBase+1,endBase),intervalStart,SelectedDate+Schedule_Matrix!BC$1,intervalEnd,intervalStart+TIME(0,30,0),overlapDays,MAX(0,MIN(endDT,intervalEnd)-MAX(startDT,intervalStart)),IF(OR(id="",code="",rawStart="",rawEnd="",rawStart=rawEnd,countsAsStaffed=0),0,overlapDays/TIME(0,30,0)))
H15: =LET(id,Schedule_Matrix!$A15,code,UPPER(TRIM(Schedule_Matrix!$D15)),rawStart,Schedule_Matrix!$F15,rawEnd,Schedule_Matrix!$G15,countsAsStaffed,IFERROR(--XLOOKUP(code,UPPER(tblActivityCodes[Code]),tblActivityCodes[CountsAsStaffed],0),0),startDT,IF(INT(rawStart)>0,rawStart,SelectedDate+MOD(rawStart,1)),endBase,IF(INT(rawEnd)>0,rawEnd,SelectedDate+MOD(rawEnd,1)),endDT,IF(endBase<=startDT,endBase+1,endBase),intervalStart,SelectedDate+Schedule_Matrix!H$1,intervalEnd,intervalStart+TIME(0,30,0),overlapDays,MAX(0,MIN(endDT,intervalEnd)-MAX(startDT,intervalStart)),IF(OR(id="",code="",rawStart="",rawEnd="",rawStart=rawEnd,countsAsStaffed=0),0,overlapDays/TIME(0,30,0))) | I15: =LET(id,Schedule_Matrix!$A15,code,UPPER(TRIM(Schedule_Matrix!$D15)),rawStart,Schedule_Matrix!$F15,rawEnd,Schedule_Matrix!$G15,countsAsStaffed,IFERROR(--XLOOKUP(code,UPPER(tblActivityCodes[Code]),tblActivityCodes[CountsAsStaffed],0),0),startDT,IF(INT(rawStart)>0,rawStart,SelectedDate+MOD(rawStart,1)),endBase,IF(INT(rawEnd)>0,rawEnd,SelectedDate+MOD(rawEnd,1)),endDT,IF(endBase<=startDT,endBase+1,endBase),intervalStart,SelectedDate+Schedule_Matrix!I$1,intervalEnd,intervalStart+TIME(0,30,0),overlapDays,MAX(0,MIN(endDT,intervalEnd)-MAX(startDT,intervalStart)),IF(OR(id="",code="",rawStart="",rawEnd="",rawStart=rawEnd,countsAsStaffed=0),0,overlapDays/TIME(0,30,0))) | J15: =LET(id,Schedule_Matrix!$A15,code,UPPER(TRIM(Schedule_Matrix!$D15)),rawStart,Schedule_Matrix!$F15,rawEnd,Schedule_Matrix!$G15,countsAsStaffed,IFERROR(--XLOOKUP(code,UPPER(tblActivityCodes[Code]),tblActivityCodes[CountsAsStaffed],0),0),startDT,IF(INT(rawStart)>0,rawStart,SelectedDate+MOD(rawStart,1)),endBase,IF(INT(rawEnd)>0,rawEnd,SelectedDate+MOD(rawEnd,1)),endDT,IF(endBase<=startDT,endBase+1,endBase),intervalStart,SelectedDate+Schedule_Matrix!J$1,intervalEnd,intervalStart+TIME(0,30,0),overlapDays,MAX(0,MIN(endDT,intervalEnd)-MAX(startDT,intervalStart)),IF(OR(id="",code="",rawStart="",rawEnd="",rawStart=rawEnd,countsAsStaffed=0),0,overlapDays/TIME(0,30,0))) | K15: =LET(id,Schedule_Matrix!$A15,code,UPPER(TRIM(Schedule_Matrix!$D15)),rawStart,Schedule_Matrix!$F15,rawEnd,Schedule_Matrix!$G15,countsAsStaffed,IFERROR(--XLOOKUP(code,UPPER(tblActivityCodes[Code]),tblActivityCodes[CountsAsStaffed],0),0),startDT,IF(INT(rawStart)>0,rawStart,SelectedDate+MOD(rawStart,1)),endBase,IF(INT(rawEnd)>0,rawEnd,SelectedDate+MOD(rawEnd,1)),endDT,IF(endBase<=startDT,endBase+1,endBase),intervalStart,SelectedDate+Schedule_Matrix!K$1,intervalEnd,intervalStart+TIME(0,30,0),overlapDays,MAX(0,MIN(endDT,intervalEnd)-MAX(startDT,intervalStart)),IF(OR(id="",code="",rawStart="",rawEnd="",rawStart=rawEnd,countsAsStaffed=0),0,overlapDays/TIME(0,30,0))) | L15: =LET(id,Schedule_Matrix!$A15,code,UPPER(TRIM(Schedule_Matrix!$D15)),rawStart,Schedule_Matrix!$F15,rawEnd,Schedule_Matrix!$G15,countsAsStaffed,IFERROR(--XLOOKUP(code,UPPER(tblActivityCodes[Code]),tblActivityCodes[CountsAsStaffed],0),0),startDT,IF(INT(rawStart)>0,rawStart,SelectedDate+MOD(rawStart,1)),endBase,IF(INT(rawEnd)>0,rawEnd,SelectedDate+MOD(rawEnd,1)),endDT,IF(endBase<=startDT,endBase+1,endBase),intervalStart,SelectedDate+Schedule_Matrix!L$1,intervalEnd,intervalStart+TIME(0,30,0),overlapDays,MAX(0,MIN(endDT,intervalEnd)-MAX(startDT,intervalStart)),IF(OR(id="",code="",rawStart="",rawEnd="",rawStart=rawEnd,countsAsStaffed=0),0,overlapDays/TIME(0,30,0))) | M15: =LET(id,Schedule_Matrix!$A15,code,UPPER(TRIM(Schedule_Matrix!$D15)),rawStart,Schedule_Matrix!$F15,rawEnd,Schedule_Matrix!$G15,countsAsStaffed,IFERROR(--XLOOKUP(code,UPPER(tblActivityCodes[Code]),tblActivityCodes[CountsAsStaffed],0),0),startDT,IF(INT(rawStart)>0,rawStart,SelectedDate+MOD(rawStart,1)),endBase,IF(INT(rawEnd)>0,rawEnd,SelectedDate+MOD(rawEnd,1)),endDT,IF(endBase<=startDT,endBase+1,endBase),intervalStart,SelectedDate+Schedule_Matrix!M$1,intervalEnd,intervalStart+TIME(0,30,0),overlapDays,MAX(0,MIN(endDT,intervalEnd)-MAX(startDT,intervalStart)),IF(OR(id="",code="",rawStart="",rawEnd="",rawStart=rawEnd,countsAsStaffed=0),0,overlapDays/TIME(0,30,0))) | N15: =LET(id,Schedule_Matrix!$A15,code,UPPER(TRIM(Schedule_Matrix!$D15)),rawStart,Schedule_Matrix!$F15,rawEnd,Schedule_Matrix!$G15,countsAsStaffed,IFERROR(--XLOOKUP(code,UPPER(tblActivityCodes[Code]),tblActivityCodes[CountsAsStaffed],0),0),startDT,IF(INT(rawStart)>0,rawStart,SelectedDate+MOD(rawStart,1)),endBase,IF(INT(rawEnd)>0,rawEnd,SelectedDate+MOD(rawEnd,1)),endDT,IF(endBase<=startDT,endBase+1,endBase),intervalStart,SelectedDate+Schedule_Matrix!N$1,intervalEnd,intervalStart+TIME(0,30,0),overlapDays,MAX(0,MIN(endDT,intervalEnd)-MAX(startDT,intervalStart)),IF(OR(id="",code="",rawStart="",rawEnd="",rawStart=rawEnd,countsAsStaffed=0),0,overlapDays/TIME(0,30,0))) | O15: =LET(id,Schedule_Matrix!$A15,code,UPPER(TRIM(Schedule_Matrix!$D15)),rawStart,Schedule_Matrix!$F15,rawEnd,Schedule_Matrix!$G15,countsAsStaffed,IFERROR(--XLOOKUP(code,UPPER(tblActivityCodes[Code]),tblActivityCodes[CountsAsStaffed],0),0),startDT,IF(INT(rawStart)>0,rawStart,SelectedDate+MOD(rawStart,1)),endBase,IF(INT(rawEnd)>0,rawEnd,SelectedDate+MOD(rawEnd,1)),endDT,IF(endBase<=startDT,endBase+1,endBase),intervalStart,SelectedDate+Schedule_Matrix!O$1,intervalEnd,intervalStart+TIME(0,30,0),overlapDays,MAX(0,MIN(endDT,intervalEnd)-MAX(startDT,intervalStart)),IF(OR(id="",code="",rawStart="",rawEnd="",rawStart=rawEnd,countsAsStaffed=0),0,overlapDays/TIME(0,30,0))) | ... BC15: =LET(id,Schedule_Matrix!$A15,code,UPPER(TRIM(Schedule_Matrix!$D15)),rawStart,Schedule_Matrix!$F15,rawEnd,Schedule_Matrix!$G15,countsAsStaffed,IFERROR(--XLOOKUP(code,UPPER(tblActivityCodes[Code]),tblActivityCodes[CountsAsStaffed],0),0),startDT,IF(INT(rawStart)>0,rawStart,SelectedDate+MOD(rawStart,1)),endBase,IF(INT(rawEnd)>0,rawEnd,SelectedDate+MOD(rawEnd,1)),endDT,IF(endBase<=startDT,endBase+1,endBase),intervalStart,SelectedDate+Schedule_Matrix!BC$1,intervalEnd,intervalStart+TIME(0,30,0),overlapDays,MAX(0,MIN(endDT,intervalEnd)-MAX(startDT,intervalStart)),IF(OR(id="",code="",rawStart="",rawEnd="",rawStart=rawEnd,countsAsStaffed=0),0,overlapDays/TIME(0,30,0)))
H16: =LET(id,Schedule_Matrix!$A16,code,UPPER(TRIM(Schedule_Matrix!$D16)),rawStart,Schedule_Matrix!$F16,rawEnd,Schedule_Matrix!$G16,countsAsStaffed,IFERROR(--XLOOKUP(code,UPPER(tblActivityCodes[Code]),tblActivityCodes[CountsAsStaffed],0),0),startDT,IF(INT(rawStart)>0,rawStart,SelectedDate+MOD(rawStart,1)),endBase,IF(INT(rawEnd)>0,rawEnd,SelectedDate+MOD(rawEnd,1)),endDT,IF(endBase<=startDT,endBase+1,endBase),intervalStart,SelectedDate+Schedule_Matrix!H$1,intervalEnd,intervalStart+TIME(0,30,0),overlapDays,MAX(0,MIN(endDT,intervalEnd)-MAX(startDT,intervalStart)),IF(OR(id="",code="",rawStart="",rawEnd="",rawStart=rawEnd,countsAsStaffed=0),0,overlapDays/TIME(0,30,0))) | I16: =LET(id,Schedule_Matrix!$A16,code,UPPER(TRIM(Schedule_Matrix!$D16)),rawStart,Schedule_Matrix!$F16,rawEnd,Schedule_Matrix!$G16,countsAsStaffed,IFERROR(--XLOOKUP(code,UPPER(tblActivityCodes[Code]),tblActivityCodes[CountsAsStaffed],0),0),startDT,IF(INT(rawStart)>0,rawStart,SelectedDate+MOD(rawStart,1)),endBase,IF(INT(rawEnd)>0,rawEnd,SelectedDate+MOD(rawEnd,1)),endDT,IF(endBase<=startDT,endBase+1,endBase),intervalStart,SelectedDate+Schedule_Matrix!I$1,intervalEnd,intervalStart+TIME(0,30,0),overlapDays,MAX(0,MIN(endDT,intervalEnd)-MAX(startDT,intervalStart)),IF(OR(id="",code="",rawStart="",rawEnd="",rawStart=rawEnd,countsAsStaffed=0),0,overlapDays/TIME(0,30,0))) | J16: =LET(id,Schedule_Matrix!$A16,code,UPPER(TRIM(Schedule_Matrix!$D16)),rawStart,Schedule_Matrix!$F16,rawEnd,Schedule_Matrix!$G16,countsAsStaffed,IFERROR(--XLOOKUP(code,UPPER(tblActivityCodes[Code]),tblActivityCodes[CountsAsStaffed],0),0),startDT,IF(INT(rawStart)>0,rawStart,SelectedDate+MOD(rawStart,1)),endBase,IF(INT(rawEnd)>0,rawEnd,SelectedDate+MOD(rawEnd,1)),endDT,IF(endBase<=startDT,endBase+1,endBase),intervalStart,SelectedDate+Schedule_Matrix!J$1,intervalEnd,intervalStart+TIME(0,30,0),overlapDays,MAX(0,MIN(endDT,intervalEnd)-MAX(startDT,intervalStart)),IF(OR(id="",code="",rawStart="",rawEnd="",rawStart=rawEnd,countsAsStaffed=0),0,overlapDays/TIME(0,30,0))) | K16: =LET(id,Schedule_Matrix!$A16,code,UPPER(TRIM(Schedule_Matrix!$D16)),rawStart,Schedule_Matrix!$F16,rawEnd,Schedule_Matrix!$G16,countsAsStaffed,IFERROR(--XLOOKUP(code,UPPER(tblActivityCodes[Code]),tblActivityCodes[CountsAsStaffed],0),0),startDT,IF(INT(rawStart)>0,rawStart,SelectedDate+MOD(rawStart,1)),endBase,IF(INT(rawEnd)>0,rawEnd,SelectedDate+MOD(rawEnd,1)),endDT,IF(endBase<=startDT,endBase+1,endBase),intervalStart,SelectedDate+Schedule_Matrix!K$1,intervalEnd,intervalStart+TIME(0,30,0),overlapDays,MAX(0,MIN(endDT,intervalEnd)-MAX(startDT,intervalStart)),IF(OR(id="",code="",rawStart="",rawEnd="",rawStart=rawEnd,countsAsStaffed=0),0,overlapDays/TIME(0,30,0))) | L16: =LET(id,Schedule_Matrix!$A16,code,UPPER(TRIM(Schedule_Matrix!$D16)),rawStart,Schedule_Matrix!$F16,rawEnd,Schedule_Matrix!$G16,countsAsStaffed,IFERROR(--XLOOKUP(code,UPPER(tblActivityCodes[Code]),tblActivityCodes[CountsAsStaffed],0),0),startDT,IF(INT(rawStart)>0,rawStart,SelectedDate+MOD(rawStart,1)),endBase,IF(INT(rawEnd)>0,rawEnd,SelectedDate+MOD(rawEnd,1)),endDT,IF(endBase<=startDT,endBase+1,endBase),intervalStart,SelectedDate+Schedule_Matrix!L$1,intervalEnd,intervalStart+TIME(0,30,0),overlapDays,MAX(0,MIN(endDT,intervalEnd)-MAX(startDT,intervalStart)),IF(OR(id="",code="",rawStart="",rawEnd="",rawStart=rawEnd,countsAsStaffed=0),0,overlapDays/TIME(0,30,0))) | M16: =LET(id,Schedule_Matrix!$A16,code,UPPER(TRIM(Schedule_Matrix!$D16)),rawStart,Schedule_Matrix!$F16,rawEnd,Schedule_Matrix!$G16,countsAsStaffed,IFERROR(--XLOOKUP(code,UPPER(tblActivityCodes[Code]),tblActivityCodes[CountsAsStaffed],0),0),startDT,IF(INT(rawStart)>0,rawStart,SelectedDate+MOD(rawStart,1)),endBase,IF(INT(rawEnd)>0,rawEnd,SelectedDate+MOD(rawEnd,1)),endDT,IF(endBase<=startDT,endBase+1,endBase),intervalStart,SelectedDate+Schedule_Matrix!M$1,intervalEnd,intervalStart+TIME(0,30,0),overlapDays,MAX(0,MIN(endDT,intervalEnd)-MAX(startDT,intervalStart)),IF(OR(id="",code="",rawStart="",rawEnd="",rawStart=rawEnd,countsAsStaffed=0),0,overlapDays/TIME(0,30,0))) | N16: =LET(id,Schedule_Matrix!$A16,code,UPPER(TRIM(Schedule_Matrix!$D16)),rawStart,Schedule_Matrix!$F16,rawEnd,Schedule_Matrix!$G16,countsAsStaffed,IFERROR(--XLOOKUP(code,UPPER(tblActivityCodes[Code]),tblActivityCodes[CountsAsStaffed],0),0),startDT,IF(INT(rawStart)>0,rawStart,SelectedDate+MOD(rawStart,1)),endBase,IF(INT(rawEnd)>0,rawEnd,SelectedDate+MOD(rawEnd,1)),endDT,IF(endBase<=startDT,endBase+1,endBase),intervalStart,SelectedDate+Schedule_Matrix!N$1,intervalEnd,intervalStart+TIME(0,30,0),overlapDays,MAX(0,MIN(endDT,intervalEnd)-MAX(startDT,intervalStart)),IF(OR(id="",code="",rawStart="",rawEnd="",rawStart=rawEnd,countsAsStaffed=0),0,overlapDays/TIME(0,30,0))) | O16: =LET(id,Schedule_Matrix!$A16,code,UPPER(TRIM(Schedule_Matrix!$D16)),rawStart,Schedule_Matrix!$F16,rawEnd,Schedule_Matrix!$G16,countsAsStaffed,IFERROR(--XLOOKUP(code,UPPER(tblActivityCodes[Code]),tblActivityCodes[CountsAsStaffed],0),0),startDT,IF(INT(rawStart)>0,rawStart,SelectedDate+MOD(rawStart,1)),endBase,IF(INT(rawEnd)>0,rawEnd,SelectedDate+MOD(rawEnd,1)),endDT,IF(endBase<=startDT,endBase+1,endBase),intervalStart,SelectedDate+Schedule_Matrix!O$1,intervalEnd,intervalStart+TIME(0,30,0),overlapDays,MAX(0,MIN(endDT,intervalEnd)-MAX(startDT,intervalStart)),IF(OR(id="",code="",rawStart="",rawEnd="",rawStart=rawEnd,countsAsStaffed=0),0,overlapDays/TIME(0,30,0))) | ... BC16: =LET(id,Schedule_Matrix!$A16,code,UPPER(TRIM(Schedule_Matrix!$D16)),rawStart,Schedule_Matrix!$F16,rawEnd,Schedule_Matrix!$G16,countsAsStaffed,IFERROR(--XLOOKUP(code,UPPER(tblActivityCodes[Code]),tblActivityCodes[CountsAsStaffed],0),0),startDT,IF(INT(rawStart)>0,rawStart,SelectedDate+MOD(rawStart,1)),endBase,IF(INT(rawEnd)>0,rawEnd,SelectedDate+MOD(rawEnd,1)),endDT,IF(endBase<=startDT,endBase+1,endBase),intervalStart,SelectedDate+Schedule_Matrix!BC$1,intervalEnd,intervalStart+TIME(0,30,0),overlapDays,MAX(0,MIN(endDT,intervalEnd)-MAX(startDT,intervalStart)),IF(OR(id="",code="",rawStart="",rawEnd="",rawStart=rawEnd,countsAsStaffed=0),0,overlapDays/TIME(0,30,0)))
H17: =LET(id,Schedule_Matrix!$A17,code,UPPER(TRIM(Schedule_Matrix!$D17)),rawStart,Schedule_Matrix!$F17,rawEnd,Schedule_Matrix!$G17,countsAsStaffed,IFERROR(--XLOOKUP(code,UPPER(tblActivityCodes[Code]),tblActivityCodes[CountsAsStaffed],0),0),startDT,IF(INT(rawStart)>0,rawStart,SelectedDate+MOD(rawStart,1)),endBase,IF(INT(rawEnd)>0,rawEnd,SelectedDate+MOD(rawEnd,1)),endDT,IF(endBase<=startDT,endBase+1,endBase),intervalStart,SelectedDate+Schedule_Matrix!H$1,intervalEnd,intervalStart+TIME(0,30,0),overlapDays,MAX(0,MIN(endDT,intervalEnd)-MAX(startDT,intervalStart)),IF(OR(id="",code="",rawStart="",rawEnd="",rawStart=rawEnd,countsAsStaffed=0),0,overlapDays/TIME(0,30,0))) | I17: =LET(id,Schedule_Matrix!$A17,code,UPPER(TRIM(Schedule_Matrix!$D17)),rawStart,Schedule_Matrix!$F17,rawEnd,Schedule_Matrix!$G17,countsAsStaffed,IFERROR(--XLOOKUP(code,UPPER(tblActivityCodes[Code]),tblActivityCodes[CountsAsStaffed],0),0),startDT,IF(INT(rawStart)>0,rawStart,SelectedDate+MOD(rawStart,1)),endBase,IF(INT(rawEnd)>0,rawEnd,SelectedDate+MOD(rawEnd,1)),endDT,IF(endBase<=startDT,endBase+1,endBase),intervalStart,SelectedDate+Schedule_Matrix!I$1,intervalEnd,intervalStart+TIME(0,30,0),overlapDays,MAX(0,MIN(endDT,intervalEnd)-MAX(startDT,intervalStart)),IF(OR(id="",code="",rawStart="",rawEnd="",rawStart=rawEnd,countsAsStaffed=0),0,overlapDays/TIME(0,30,0))) | J17: =LET(id,Schedule_Matrix!$A17,code,UPPER(TRIM(Schedule_Matrix!$D17)),rawStart,Schedule_Matrix!$F17,rawEnd,Schedule_Matrix!$G17,countsAsStaffed,IFERROR(--XLOOKUP(code,UPPER(tblActivityCodes[Code]),tblActivityCodes[CountsAsStaffed],0),0),startDT,IF(INT(rawStart)>0,rawStart,SelectedDate+MOD(rawStart,1)),endBase,IF(INT(rawEnd)>0,rawEnd,SelectedDate+MOD(rawEnd,1)),endDT,IF(endBase<=startDT,endBase+1,endBase),intervalStart,SelectedDate+Schedule_Matrix!J$1,intervalEnd,intervalStart+TIME(0,30,0),overlapDays,MAX(0,MIN(endDT,intervalEnd)-MAX(startDT,intervalStart)),IF(OR(id="",code="",rawStart="",rawEnd="",rawStart=rawEnd,countsAsStaffed=0),0,overlapDays/TIME(0,30,0))) | K17: =LET(id,Schedule_Matrix!$A17,code,UPPER(TRIM(Schedule_Matrix!$D17)),rawStart,Schedule_Matrix!$F17,rawEnd,Schedule_Matrix!$G17,countsAsStaffed,IFERROR(--XLOOKUP(code,UPPER(tblActivityCodes[Code]),tblActivityCodes[CountsAsStaffed],0),0),startDT,IF(INT(rawStart)>0,rawStart,SelectedDate+MOD(rawStart,1)),endBase,IF(INT(rawEnd)>0,rawEnd,SelectedDate+MOD(rawEnd,1)),endDT,IF(endBase<=startDT,endBase+1,endBase),intervalStart,SelectedDate+Schedule_Matrix!K$1,intervalEnd,intervalStart+TIME(0,30,0),overlapDays,MAX(0,MIN(endDT,intervalEnd)-MAX(startDT,intervalStart)),IF(OR(id="",code="",rawStart="",rawEnd="",rawStart=rawEnd,countsAsStaffed=0),0,overlapDays/TIME(0,30,0))) | L17: =LET(id,Schedule_Matrix!$A17,code,UPPER(TRIM(Schedule_Matrix!$D17)),rawStart,Schedule_Matrix!$F17,rawEnd,Schedule_Matrix!$G17,countsAsStaffed,IFERROR(--XLOOKUP(code,UPPER(tblActivityCodes[Code]),tblActivityCodes[CountsAsStaffed],0),0),startDT,IF(INT(rawStart)>0,rawStart,SelectedDate+MOD(rawStart,1)),endBase,IF(INT(rawEnd)>0,rawEnd,SelectedDate+MOD(rawEnd,1)),endDT,IF(endBase<=startDT,endBase+1,endBase),intervalStart,SelectedDate+Schedule_Matrix!L$1,intervalEnd,intervalStart+TIME(0,30,0),overlapDays,MAX(0,MIN(endDT,intervalEnd)-MAX(startDT,intervalStart)),IF(OR(id="",code="",rawStart="",rawEnd="",rawStart=rawEnd,countsAsStaffed=0),0,overlapDays/TIME(0,30,0))) | M17: =LET(id,Schedule_Matrix!$A17,code,UPPER(TRIM(Schedule_Matrix!$D17)),rawStart,Schedule_Matrix!$F17,rawEnd,Schedule_Matrix!$G17,countsAsStaffed,IFERROR(--XLOOKUP(code,UPPER(tblActivityCodes[Code]),tblActivityCodes[CountsAsStaffed],0),0),startDT,IF(INT(rawStart)>0,rawStart,SelectedDate+MOD(rawStart,1)),endBase,IF(INT(rawEnd)>0,rawEnd,SelectedDate+MOD(rawEnd,1)),endDT,IF(endBase<=startDT,endBase+1,endBase),intervalStart,SelectedDate+Schedule_Matrix!M$1,intervalEnd,intervalStart+TIME(0,30,0),overlapDays,MAX(0,MIN(endDT,intervalEnd)-MAX(startDT,intervalStart)),IF(OR(id="",code="",rawStart="",rawEnd="",rawStart=rawEnd,countsAsStaffed=0),0,overlapDays/TIME(0,30,0))) | N17: =LET(id,Schedule_Matrix!$A17,code,UPPER(TRIM(Schedule_Matrix!$D17)),rawStart,Schedule_Matrix!$F17,rawEnd,Schedule_Matrix!$G17,countsAsStaffed,IFERROR(--XLOOKUP(code,UPPER(tblActivityCodes[Code]),tblActivityCodes[CountsAsStaffed],0),0),startDT,IF(INT(rawStart)>0,rawStart,SelectedDate+MOD(rawStart,1)),endBase,IF(INT(rawEnd)>0,rawEnd,SelectedDate+MOD(rawEnd,1)),endDT,IF(endBase<=startDT,endBase+1,endBase),intervalStart,SelectedDate+Schedule_Matrix!N$1,intervalEnd,intervalStart+TIME(0,30,0),overlapDays,MAX(0,MIN(endDT,intervalEnd)-MAX(startDT,intervalStart)),IF(OR(id="",code="",rawStart="",rawEnd="",rawStart=rawEnd,countsAsStaffed=0),0,overlapDays/TIME(0,30,0))) | O17: =LET(id,Schedule_Matrix!$A17,code,UPPER(TRIM(Schedule_Matrix!$D17)),rawStart,Schedule_Matrix!$F17,rawEnd,Schedule_Matrix!$G17,countsAsStaffed,IFERROR(--XLOOKUP(code,UPPER(tblActivityCodes[Code]),tblActivityCodes[CountsAsStaffed],0),0),startDT,IF(INT(rawStart)>0,rawStart,SelectedDate+MOD(rawStart,1)),endBase,IF(INT(rawEnd)>0,rawEnd,SelectedDate+MOD(rawEnd,1)),endDT,IF(endBase<=startDT,endBase+1,endBase),intervalStart,SelectedDate+Schedule_Matrix!O$1,intervalEnd,intervalStart+TIME(0,30,0),overlapDays,MAX(0,MIN(endDT,intervalEnd)-MAX(startDT,intervalStart)),IF(OR(id="",code="",rawStart="",rawEnd="",rawStart=rawEnd,countsAsStaffed=0),0,overlapDays/TIME(0,30,0))) | ... BC17: =LET(id,Schedule_Matrix!$A17,code,UPPER(TRIM(Schedule_Matrix!$D17)),rawStart,Schedule_Matrix!$F17,rawEnd,Schedule_Matrix!$G17,countsAsStaffed,IFERROR(--XLOOKUP(code,UPPER(tblActivityCodes[Code]),tblActivityCodes[CountsAsStaffed],0),0),startDT,IF(INT(rawStart)>0,rawStart,SelectedDate+MOD(rawStart,1)),endBase,IF(INT(rawEnd)>0,rawEnd,SelectedDate+MOD(rawEnd,1)),endDT,IF(endBase<=startDT,endBase+1,endBase),intervalStart,SelectedDate+Schedule_Matrix!BC$1,intervalEnd,intervalStart+TIME(0,30,0),overlapDays,MAX(0,MIN(endDT,intervalEnd)-MAX(startDT,intervalStart)),IF(OR(id="",code="",rawStart="",rawEnd="",rawStart=rawEnd,countsAsStaffed=0),0,overlapDays/TIME(0,30,0)))
H18: =LET(id,Schedule_Matrix!$A18,code,UPPER(TRIM(Schedule_Matrix!$D18)),rawStart,Schedule_Matrix!$F18,rawEnd,Schedule_Matrix!$G18,countsAsStaffed,IFERROR(--XLOOKUP(code,UPPER(tblActivityCodes[Code]),tblActivityCodes[CountsAsStaffed],0),0),startDT,IF(INT(rawStart)>0,rawStart,SelectedDate+MOD(rawStart,1)),endBase,IF(INT(rawEnd)>0,rawEnd,SelectedDate+MOD(rawEnd,1)),endDT,IF(endBase<=startDT,endBase+1,endBase),intervalStart,SelectedDate+Schedule_Matrix!H$1,intervalEnd,intervalStart+TIME(0,30,0),overlapDays,MAX(0,MIN(endDT,intervalEnd)-MAX(startDT,intervalStart)),IF(OR(id="",code="",rawStart="",rawEnd="",rawStart=rawEnd,countsAsStaffed=0),0,overlapDays/TIME(0,30,0))) | I18: =LET(id,Schedule_Matrix!$A18,code,UPPER(TRIM(Schedule_Matrix!$D18)),rawStart,Schedule_Matrix!$F18,rawEnd,Schedule_Matrix!$G18,countsAsStaffed,IFERROR(--XLOOKUP(code,UPPER(tblActivityCodes[Code]),tblActivityCodes[CountsAsStaffed],0),0),startDT,IF(INT(rawStart)>0,rawStart,SelectedDate+MOD(rawStart,1)),endBase,IF(INT(rawEnd)>0,rawEnd,SelectedDate+MOD(rawEnd,1)),endDT,IF(endBase<=startDT,endBase+1,endBase),intervalStart,SelectedDate+Schedule_Matrix!I$1,intervalEnd,intervalStart+TIME(0,30,0),overlapDays,MAX(0,MIN(endDT,intervalEnd)-MAX(startDT,intervalStart)),IF(OR(id="",code="",rawStart="",rawEnd="",rawStart=rawEnd,countsAsStaffed=0),0,overlapDays/TIME(0,30,0))) | J18: =LET(id,Schedule_Matrix!$A18,code,UPPER(TRIM(Schedule_Matrix!$D18)),rawStart,Schedule_Matrix!$F18,rawEnd,Schedule_Matrix!$G18,countsAsStaffed,IFERROR(--XLOOKUP(code,UPPER(tblActivityCodes[Code]),tblActivityCodes[CountsAsStaffed],0),0),startDT,IF(INT(rawStart)>0,rawStart,SelectedDate+MOD(rawStart,1)),endBase,IF(INT(rawEnd)>0,rawEnd,SelectedDate+MOD(rawEnd,1)),endDT,IF(endBase<=startDT,endBase+1,endBase),intervalStart,SelectedDate+Schedule_Matrix!J$1,intervalEnd,intervalStart+TIME(0,30,0),overlapDays,MAX(0,MIN(endDT,intervalEnd)-MAX(startDT,intervalStart)),IF(OR(id="",code="",rawStart="",rawEnd="",rawStart=rawEnd,countsAsStaffed=0),0,overlapDays/TIME(0,30,0))) | K18: =LET(id,Schedule_Matrix!$A18,code,UPPER(TRIM(Schedule_Matrix!$D18)),rawStart,Schedule_Matrix!$F18,rawEnd,Schedule_Matrix!$G18,countsAsStaffed,IFERROR(--XLOOKUP(code,UPPER(tblActivityCodes[Code]),tblActivityCodes[CountsAsStaffed],0),0),startDT,IF(INT(rawStart)>0,rawStart,SelectedDate+MOD(rawStart,1)),endBase,IF(INT(rawEnd)>0,rawEnd,SelectedDate+MOD(rawEnd,1)),endDT,IF(endBase<=startDT,endBase+1,endBase),intervalStart,SelectedDate+Schedule_Matrix!K$1,intervalEnd,intervalStart+TIME(0,30,0),overlapDays,MAX(0,MIN(endDT,intervalEnd)-MAX(startDT,intervalStart)),IF(OR(id="",code="",rawStart="",rawEnd="",rawStart=rawEnd,countsAsStaffed=0),0,overlapDays/TIME(0,30,0))) | L18: =LET(id,Schedule_Matrix!$A18,code,UPPER(TRIM(Schedule_Matrix!$D18)),rawStart,Schedule_Matrix!$F18,rawEnd,Schedule_Matrix!$G18,countsAsStaffed,IFERROR(--XLOOKUP(code,UPPER(tblActivityCodes[Code]),tblActivityCodes[CountsAsStaffed],0),0),startDT,IF(INT(rawStart)>0,rawStart,SelectedDate+MOD(rawStart,1)),endBase,IF(INT(rawEnd)>0,rawEnd,SelectedDate+MOD(rawEnd,1)),endDT,IF(endBase<=startDT,endBase+1,endBase),intervalStart,SelectedDate+Schedule_Matrix!L$1,intervalEnd,intervalStart+TIME(0,30,0),overlapDays,MAX(0,MIN(endDT,intervalEnd)-MAX(startDT,intervalStart)),IF(OR(id="",code="",rawStart="",rawEnd="",rawStart=rawEnd,countsAsStaffed=0),0,overlapDays/TIME(0,30,0))) | M18: =LET(id,Schedule_Matrix!$A18,code,UPPER(TRIM(Schedule_Matrix!$D18)),rawStart,Schedule_Matrix!$F18,rawEnd,Schedule_Matrix!$G18,countsAsStaffed,IFERROR(--XLOOKUP(code,UPPER(tblActivityCodes[Code]),tblActivityCodes[CountsAsStaffed],0),0),startDT,IF(INT(rawStart)>0,rawStart,SelectedDate+MOD(rawStart,1)),endBase,IF(INT(rawEnd)>0,rawEnd,SelectedDate+MOD(rawEnd,1)),endDT,IF(endBase<=startDT,endBase+1,endBase),intervalStart,SelectedDate+Schedule_Matrix!M$1,intervalEnd,intervalStart+TIME(0,30,0),overlapDays,MAX(0,MIN(endDT,intervalEnd)-MAX(startDT,intervalStart)),IF(OR(id="",code="",rawStart="",rawEnd="",rawStart=rawEnd,countsAsStaffed=0),0,overlapDays/TIME(0,30,0))) | N18: =LET(id,Schedule_Matrix!$A18,code,UPPER(TRIM(Schedule_Matrix!$D18)),rawStart,Schedule_Matrix!$F18,rawEnd,Schedule_Matrix!$G18,countsAsStaffed,IFERROR(--XLOOKUP(code,UPPER(tblActivityCodes[Code]),tblActivityCodes[CountsAsStaffed],0),0),startDT,IF(INT(rawStart)>0,rawStart,SelectedDate+MOD(rawStart,1)),endBase,IF(INT(rawEnd)>0,rawEnd,SelectedDate+MOD(rawEnd,1)),endDT,IF(endBase<=startDT,endBase+1,endBase),intervalStart,SelectedDate+Schedule_Matrix!N$1,intervalEnd,intervalStart+TIME(0,30,0),overlapDays,MAX(0,MIN(endDT,intervalEnd)-MAX(startDT,intervalStart)),IF(OR(id="",code="",rawStart="",rawEnd="",rawStart=rawEnd,countsAsStaffed=0),0,overlapDays/TIME(0,30,0))) | O18: =LET(id,Schedule_Matrix!$A18,code,UPPER(TRIM(Schedule_Matrix!$D18)),rawStart,Schedule_Matrix!$F18,rawEnd,Schedule_Matrix!$G18,countsAsStaffed,IFERROR(--XLOOKUP(code,UPPER(tblActivityCodes[Code]),tblActivityCodes[CountsAsStaffed],0),0),startDT,IF(INT(rawStart)>0,rawStart,SelectedDate+MOD(rawStart,1)),endBase,IF(INT(rawEnd)>0,rawEnd,SelectedDate+MOD(rawEnd,1)),endDT,IF(endBase<=startDT,endBase+1,endBase),intervalStart,SelectedDate+Schedule_Matrix!O$1,intervalEnd,intervalStart+TIME(0,30,0),overlapDays,MAX(0,MIN(endDT,intervalEnd)-MAX(startDT,intervalStart)),IF(OR(id="",code="",rawStart="",rawEnd="",rawStart=rawEnd,countsAsStaffed=0),0,overlapDays/TIME(0,30,0))) | ... BC18: =LET(id,Schedule_Matrix!$A18,code,UPPER(TRIM(Schedule_Matrix!$D18)),rawStart,Schedule_Matrix!$F18,rawEnd,Schedule_Matrix!$G18,countsAsStaffed,IFERROR(--XLOOKUP(code,UPPER(tblActivityCodes[Code]),tblActivityCodes[CountsAsStaffed],0),0),startDT,IF(INT(rawStart)>0,rawStart,SelectedDate+MOD(rawStart,1)),endBase,IF(INT(rawEnd)>0,rawEnd,SelectedDate+MOD(rawEnd,1)),endDT,IF(endBase<=startDT,endBase+1,endBase),intervalStart,SelectedDate+Schedule_Matrix!BC$1,intervalEnd,intervalStart+TIME(0,30,0),overlapDays,MAX(0,MIN(endDT,intervalEnd)-MAX(startDT,intervalStart)),IF(OR(id="",code="",rawStart="",rawEnd="",rawStart=rawEnd,countsAsStaffed=0),0,overlapDays/TIME(0,30,0)))
H19: =LET(id,Schedule_Matrix!$A19,code,UPPER(TRIM(Schedule_Matrix!$D19)),rawStart,Schedule_Matrix!$F19,rawEnd,Schedule_Matrix!$G19,countsAsStaffed,IFERROR(--XLOOKUP(code,UPPER(tblActivityCodes[Code]),tblActivityCodes[CountsAsStaffed],0),0),startDT,IF(INT(rawStart)>0,rawStart,SelectedDate+MOD(rawStart,1)),endBase,IF(INT(rawEnd)>0,rawEnd,SelectedDate+MOD(rawEnd,1)),endDT,IF(endBase<=startDT,endBase+1,endBase),intervalStart,SelectedDate+Schedule_Matrix!H$1,intervalEnd,intervalStart+TIME(0,30,0),overlapDays,MAX(0,MIN(endDT,intervalEnd)-MAX(startDT,intervalStart)),IF(OR(id="",code="",rawStart="",rawEnd="",rawStart=rawEnd,countsAsStaffed=0),0,overlapDays/TIME(0,30,0))) | I19: =LET(id,Schedule_Matrix!$A19,code,UPPER(TRIM(Schedule_Matrix!$D19)),rawStart,Schedule_Matrix!$F19,rawEnd,Schedule_Matrix!$G19,countsAsStaffed,IFERROR(--XLOOKUP(code,UPPER(tblActivityCodes[Code]),tblActivityCodes[CountsAsStaffed],0),0),startDT,IF(INT(rawStart)>0,rawStart,SelectedDate+MOD(rawStart,1)),endBase,IF(INT(rawEnd)>0,rawEnd,SelectedDate+MOD(rawEnd,1)),endDT,IF(endBase<=startDT,endBase+1,endBase),intervalStart,SelectedDate+Schedule_Matrix!I$1,intervalEnd,intervalStart+TIME(0,30,0),overlapDays,MAX(0,MIN(endDT,intervalEnd)-MAX(startDT,intervalStart)),IF(OR(id="",code="",rawStart="",rawEnd="",rawStart=rawEnd,countsAsStaffed=0),0,overlapDays/TIME(0,30,0))) | J19: =LET(id,Schedule_Matrix!$A19,code,UPPER(TRIM(Schedule_Matrix!$D19)),rawStart,Schedule_Matrix!$F19,rawEnd,Schedule_Matrix!$G19,countsAsStaffed,IFERROR(--XLOOKUP(code,UPPER(tblActivityCodes[Code]),tblActivityCodes[CountsAsStaffed],0),0),startDT,IF(INT(rawStart)>0,rawStart,SelectedDate+MOD(rawStart,1)),endBase,IF(INT(rawEnd)>0,rawEnd,SelectedDate+MOD(rawEnd,1)),endDT,IF(endBase<=startDT,endBase+1,endBase),intervalStart,SelectedDate+Schedule_Matrix!J$1,intervalEnd,intervalStart+TIME(0,30,0),overlapDays,MAX(0,MIN(endDT,intervalEnd)-MAX(startDT,intervalStart)),IF(OR(id="",code="",rawStart="",rawEnd="",rawStart=rawEnd,countsAsStaffed=0),0,overlapDays/TIME(0,30,0))) | K19: =LET(id,Schedule_Matrix!$A19,code,UPPER(TRIM(Schedule_Matrix!$D19)),rawStart,Schedule_Matrix!$F19,rawEnd,Schedule_Matrix!$G19,countsAsStaffed,IFERROR(--XLOOKUP(code,UPPER(tblActivityCodes[Code]),tblActivityCodes[CountsAsStaffed],0),0),startDT,IF(INT(rawStart)>0,rawStart,SelectedDate+MOD(rawStart,1)),endBase,IF(INT(rawEnd)>0,rawEnd,SelectedDate+MOD(rawEnd,1)),endDT,IF(endBase<=startDT,endBase+1,endBase),intervalStart,SelectedDate+Schedule_Matrix!K$1,intervalEnd,intervalStart+TIME(0,30,0),overlapDays,MAX(0,MIN(endDT,intervalEnd)-MAX(startDT,intervalStart)),IF(OR(id="",code="",rawStart="",rawEnd="",rawStart=rawEnd,countsAsStaffed=0),0,overlapDays/TIME(0,30,0))) | L19: =LET(id,Schedule_Matrix!$A19,code,UPPER(TRIM(Schedule_Matrix!$D19)),rawStart,Schedule_Matrix!$F19,rawEnd,Schedule_Matrix!$G19,countsAsStaffed,IFERROR(--XLOOKUP(code,UPPER(tblActivityCodes[Code]),tblActivityCodes[CountsAsStaffed],0),0),startDT,IF(INT(rawStart)>0,rawStart,SelectedDate+MOD(rawStart,1)),endBase,IF(INT(rawEnd)>0,rawEnd,SelectedDate+MOD(rawEnd,1)),endDT,IF(endBase<=startDT,endBase+1,endBase),intervalStart,SelectedDate+Schedule_Matrix!L$1,intervalEnd,intervalStart+TIME(0,30,0),overlapDays,MAX(0,MIN(endDT,intervalEnd)-MAX(startDT,intervalStart)),IF(OR(id="",code="",rawStart="",rawEnd="",rawStart=rawEnd,countsAsStaffed=0),0,overlapDays/TIME(0,30,0))) | M19: =LET(id,Schedule_Matrix!$A19,code,UPPER(TRIM(Schedule_Matrix!$D19)),rawStart,Schedule_Matrix!$F19,rawEnd,Schedule_Matrix!$G19,countsAsStaffed,IFERROR(--XLOOKUP(code,UPPER(tblActivityCodes[Code]),tblActivityCodes[CountsAsStaffed],0),0),startDT,IF(INT(rawStart)>0,rawStart,SelectedDate+MOD(rawStart,1)),endBase,IF(INT(rawEnd)>0,rawEnd,SelectedDate+MOD(rawEnd,1)),endDT,IF(endBase<=startDT,endBase+1,endBase),intervalStart,SelectedDate+Schedule_Matrix!M$1,intervalEnd,intervalStart+TIME(0,30,0),overlapDays,MAX(0,MIN(endDT,intervalEnd)-MAX(startDT,intervalStart)),IF(OR(id="",code="",rawStart="",rawEnd="",rawStart=rawEnd,countsAsStaffed=0),0,overlapDays/TIME(0,30,0))) | N19: =LET(id,Schedule_Matrix!$A19,code,UPPER(TRIM(Schedule_Matrix!$D19)),rawStart,Schedule_Matrix!$F19,rawEnd,Schedule_Matrix!$G19,countsAsStaffed,IFERROR(--XLOOKUP(code,UPPER(tblActivityCodes[Code]),tblActivityCodes[CountsAsStaffed],0),0),startDT,IF(INT(rawStart)>0,rawStart,SelectedDate+MOD(rawStart,1)),endBase,IF(INT(rawEnd)>0,rawEnd,SelectedDate+MOD(rawEnd,1)),endDT,IF(endBase<=startDT,endBase+1,endBase),intervalStart,SelectedDate+Schedule_Matrix!N$1,intervalEnd,intervalStart+TIME(0,30,0),overlapDays,MAX(0,MIN(endDT,intervalEnd)-MAX(startDT,intervalStart)),IF(OR(id="",code="",rawStart="",rawEnd="",rawStart=rawEnd,countsAsStaffed=0),0,overlapDays/TIME(0,30,0))) | O19: =LET(id,Schedule_Matrix!$A19,code,UPPER(TRIM(Schedule_Matrix!$D19)),rawStart,Schedule_Matrix!$F19,rawEnd,Schedule_Matrix!$G19,countsAsStaffed,IFERROR(--XLOOKUP(code,UPPER(tblActivityCodes[Code]),tblActivityCodes[CountsAsStaffed],0),0),startDT,IF(INT(rawStart)>0,rawStart,SelectedDate+MOD(rawStart,1)),endBase,IF(INT(rawEnd)>0,rawEnd,SelectedDate+MOD(rawEnd,1)),endDT,IF(endBase<=startDT,endBase+1,endBase),intervalStart,SelectedDate+Schedule_Matrix!O$1,intervalEnd,intervalStart+TIME(0,30,0),overlapDays,MAX(0,MIN(endDT,intervalEnd)-MAX(startDT,intervalStart)),IF(OR(id="",code="",rawStart="",rawEnd="",rawStart=rawEnd,countsAsStaffed=0),0,overlapDays/TIME(0,30,0))) | ... BC19: =LET(id,Schedule_Matrix!$A19,code,UPPER(TRIM(Schedule_Matrix!$D19)),rawStart,Schedule_Matrix!$F19,rawEnd,Schedule_Matrix!$G19,countsAsStaffed,IFERROR(--XLOOKUP(code,UPPER(tblActivityCodes[Code]),tblActivityCodes[CountsAsStaffed],0),0),startDT,IF(INT(rawStart)>0,rawStart,SelectedDate+MOD(rawStart,1)),endBase,IF(INT(rawEnd)>0,rawEnd,SelectedDate+MOD(rawEnd,1)),endDT,IF(endBase<=startDT,endBase+1,endBase),intervalStart,SelectedDate+Schedule_Matrix!BC$1,intervalEnd,intervalStart+TIME(0,30,0),overlapDays,MAX(0,MIN(endDT,intervalEnd)-MAX(startDT,intervalStart)),IF(OR(id="",code="",rawStart="",rawEnd="",rawStart=rawEnd,countsAsStaffed=0),0,overlapDays/TIME(0,30,0)))
H20: =LET(id,Schedule_Matrix!$A20,code,UPPER(TRIM(Schedule_Matrix!$D20)),rawStart,Schedule_Matrix!$F20,rawEnd,Schedule_Matrix!$G20,countsAsStaffed,IFERROR(--XLOOKUP(code,UPPER(tblActivityCodes[Code]),tblActivityCodes[CountsAsStaffed],0),0),startDT,IF(INT(rawStart)>0,rawStart,SelectedDate+MOD(rawStart,1)),endBase,IF(INT(rawEnd)>0,rawEnd,SelectedDate+MOD(rawEnd,1)),endDT,IF(endBase<=startDT,endBase+1,endBase),intervalStart,SelectedDate+Schedule_Matrix!H$1,intervalEnd,intervalStart+TIME(0,30,0),overlapDays,MAX(0,MIN(endDT,intervalEnd)-MAX(startDT,intervalStart)),IF(OR(id="",code="",rawStart="",rawEnd="",rawStart=rawEnd,countsAsStaffed=0),0,overlapDays/TIME(0,30,0))) | I20: =LET(id,Schedule_Matrix!$A20,code,UPPER(TRIM(Schedule_Matrix!$D20)),rawStart,Schedule_Matrix!$F20,rawEnd,Schedule_Matrix!$G20,countsAsStaffed,IFERROR(--XLOOKUP(code,UPPER(tblActivityCodes[Code]),tblActivityCodes[CountsAsStaffed],0),0),startDT,IF(INT(rawStart)>0,rawStart,SelectedDate+MOD(rawStart,1)),endBase,IF(INT(rawEnd)>0,rawEnd,SelectedDate+MOD(rawEnd,1)),endDT,IF(endBase<=startDT,endBase+1,endBase),intervalStart,SelectedDate+Schedule_Matrix!I$1,intervalEnd,intervalStart+TIME(0,30,0),overlapDays,MAX(0,MIN(endDT,intervalEnd)-MAX(startDT,intervalStart)),IF(OR(id="",code="",rawStart="",rawEnd="",rawStart=rawEnd,countsAsStaffed=0),0,overlapDays/TIME(0,30,0))) | J20: =LET(id,Schedule_Matrix!$A20,code,UPPER(TRIM(Schedule_Matrix!$D20)),rawStart,Schedule_Matrix!$F20,rawEnd,Schedule_Matrix!$G20,countsAsStaffed,IFERROR(--XLOOKUP(code,UPPER(tblActivityCodes[Code]),tblActivityCodes[CountsAsStaffed],0),0),startDT,IF(INT(rawStart)>0,rawStart,SelectedDate+MOD(rawStart,1)),endBase,IF(INT(rawEnd)>0,rawEnd,SelectedDate+MOD(rawEnd,1)),endDT,IF(endBase<=startDT,endBase+1,endBase),intervalStart,SelectedDate+Schedule_Matrix!J$1,intervalEnd,intervalStart+TIME(0,30,0),overlapDays,MAX(0,MIN(endDT,intervalEnd)-MAX(startDT,intervalStart)),IF(OR(id="",code="",rawStart="",rawEnd="",rawStart=rawEnd,countsAsStaffed=0),0,overlapDays/TIME(0,30,0))) | K20: =LET(id,Schedule_Matrix!$A20,code,UPPER(TRIM(Schedule_Matrix!$D20)),rawStart,Schedule_Matrix!$F20,rawEnd,Schedule_Matrix!$G20,countsAsStaffed,IFERROR(--XLOOKUP(code,UPPER(tblActivityCodes[Code]),tblActivityCodes[CountsAsStaffed],0),0),startDT,IF(INT(rawStart)>0,rawStart,SelectedDate+MOD(rawStart,1)),endBase,IF(INT(rawEnd)>0,rawEnd,SelectedDate+MOD(rawEnd,1)),endDT,IF(endBase<=startDT,endBase+1,endBase),intervalStart,SelectedDate+Schedule_Matrix!K$1,intervalEnd,intervalStart+TIME(0,30,0),overlapDays,MAX(0,MIN(endDT,intervalEnd)-MAX(startDT,intervalStart)),IF(OR(id="",code="",rawStart="",rawEnd="",rawStart=rawEnd,countsAsStaffed=0),0,overlapDays/TIME(0,30,0))) | L20: =LET(id,Schedule_Matrix!$A20,code,UPPER(TRIM(Schedule_Matrix!$D20)),rawStart,Schedule_Matrix!$F20,rawEnd,Schedule_Matrix!$G20,countsAsStaffed,IFERROR(--XLOOKUP(code,UPPER(tblActivityCodes[Code]),tblActivityCodes[CountsAsStaffed],0),0),startDT,IF(INT(rawStart)>0,rawStart,SelectedDate+MOD(rawStart,1)),endBase,IF(INT(rawEnd)>0,rawEnd,SelectedDate+MOD(rawEnd,1)),endDT,IF(endBase<=startDT,endBase+1,endBase),intervalStart,SelectedDate+Schedule_Matrix!L$1,intervalEnd,intervalStart+TIME(0,30,0),overlapDays,MAX(0,MIN(endDT,intervalEnd)-MAX(startDT,intervalStart)),IF(OR(id="",code="",rawStart="",rawEnd="",rawStart=rawEnd,countsAsStaffed=0),0,overlapDays/TIME(0,30,0))) | M20: =LET(id,Schedule_Matrix!$A20,code,UPPER(TRIM(Schedule_Matrix!$D20)),rawStart,Schedule_Matrix!$F20,rawEnd,Schedule_Matrix!$G20,countsAsStaffed,IFERROR(--XLOOKUP(code,UPPER(tblActivityCodes[Code]),tblActivityCodes[CountsAsStaffed],0),0),startDT,IF(INT(rawStart)>0,rawStart,SelectedDate+MOD(rawStart,1)),endBase,IF(INT(rawEnd)>0,rawEnd,SelectedDate+MOD(rawEnd,1)),endDT,IF(endBase<=startDT,endBase+1,endBase),intervalStart,SelectedDate+Schedule_Matrix!M$1,intervalEnd,intervalStart+TIME(0,30,0),overlapDays,MAX(0,MIN(endDT,intervalEnd)-MAX(startDT,intervalStart)),IF(OR(id="",code="",rawStart="",rawEnd="",rawStart=rawEnd,countsAsStaffed=0),0,overlapDays/TIME(0,30,0))) | N20: =LET(id,Schedule_Matrix!$A20,code,UPPER(TRIM(Schedule_Matrix!$D20)),rawStart,Schedule_Matrix!$F20,rawEnd,Schedule_Matrix!$G20,countsAsStaffed,IFERROR(--XLOOKUP(code,UPPER(tblActivityCodes[Code]),tblActivityCodes[CountsAsStaffed],0),0),startDT,IF(INT(rawStart)>0,rawStart,SelectedDate+MOD(rawStart,1)),endBase,IF(INT(rawEnd)>0,rawEnd,SelectedDate+MOD(rawEnd,1)),endDT,IF(endBase<=startDT,endBase+1,endBase),intervalStart,SelectedDate+Schedule_Matrix!N$1,intervalEnd,intervalStart+TIME(0,30,0),overlapDays,MAX(0,MIN(endDT,intervalEnd)-MAX(startDT,intervalStart)),IF(OR(id="",code="",rawStart="",rawEnd="",rawStart=rawEnd,countsAsStaffed=0),0,overlapDays/TIME(0,30,0))) | O20: =LET(id,Schedule_Matrix!$A20,code,UPPER(TRIM(Schedule_Matrix!$D20)),rawStart,Schedule_Matrix!$F20,rawEnd,Schedule_Matrix!$G20,countsAsStaffed,IFERROR(--XLOOKUP(code,UPPER(tblActivityCodes[Code]),tblActivityCodes[CountsAsStaffed],0),0),startDT,IF(INT(rawStart)>0,rawStart,SelectedDate+MOD(rawStart,1)),endBase,IF(INT(rawEnd)>0,rawEnd,SelectedDate+MOD(rawEnd,1)),endDT,IF(endBase<=startDT,endBase+1,endBase),intervalStart,SelectedDate+Schedule_Matrix!O$1,intervalEnd,intervalStart+TIME(0,30,0),overlapDays,MAX(0,MIN(endDT,intervalEnd)-MAX(startDT,intervalStart)),IF(OR(id="",code="",rawStart="",rawEnd="",rawStart=rawEnd,countsAsStaffed=0),0,overlapDays/TIME(0,30,0))) | ... BC20: =LET(id,Schedule_Matrix!$A20,code,UPPER(TRIM(Schedule_Matrix!$D20)),rawStart,Schedule_Matrix!$F20,rawEnd,Schedule_Matrix!$G20,countsAsStaffed,IFERROR(--XLOOKUP(code,UPPER(tblActivityCodes[Code]),tblActivityCodes[CountsAsStaffed],0),0),startDT,IF(INT(rawStart)>0,rawStart,SelectedDate+MOD(rawStart,1)),endBase,IF(INT(rawEnd)>0,rawEnd,SelectedDate+MOD(rawEnd,1)),endDT,IF(endBase<=startDT,endBase+1,endBase),intervalStart,SelectedDate+Schedule_Matrix!BC$1,intervalEnd,intervalStart+TIME(0,30,0),overlapDays,MAX(0,MIN(endDT,intervalEnd)-MAX(startDT,intervalStart)),IF(OR(id="",code="",rawStart="",rawEnd="",rawStart=rawEnd,countsAsStaffed=0),0,overlapDays/TIME(0,30,0)))
H21: =LET(id,Schedule_Matrix!$A21,code,UPPER(TRIM(Schedule_Matrix!$D21)),rawStart,Schedule_Matrix!$F21,rawEnd,Schedule_Matrix!$G21,countsAsStaffed,IFERROR(--XLOOKUP(code,UPPER(tblActivityCodes[Code]),tblActivityCodes[CountsAsStaffed],0),0),startDT,IF(INT(rawStart)>0,rawStart,SelectedDate+MOD(rawStart,1)),endBase,IF(INT(rawEnd)>0,rawEnd,SelectedDate+MOD(rawEnd,1)),endDT,IF(endBase<=startDT,endBase+1,endBase),intervalStart,SelectedDate+Schedule_Matrix!H$1,intervalEnd,intervalStart+TIME(0,30,0),overlapDays,MAX(0,MIN(endDT,intervalEnd)-MAX(startDT,intervalStart)),IF(OR(id="",code="",rawStart="",rawEnd="",rawStart=rawEnd,countsAsStaffed=0),0,overlapDays/TIME(0,30,0))) | I21: =LET(id,Schedule_Matrix!$A21,code,UPPER(TRIM(Schedule_Matrix!$D21)),rawStart,Schedule_Matrix!$F21,rawEnd,Schedule_Matrix!$G21,countsAsStaffed,IFERROR(--XLOOKUP(code,UPPER(tblActivityCodes[Code]),tblActivityCodes[CountsAsStaffed],0),0),startDT,IF(INT(rawStart)>0,rawStart,SelectedDate+MOD(rawStart,1)),endBase,IF(INT(rawEnd)>0,rawEnd,SelectedDate+MOD(rawEnd,1)),endDT,IF(endBase<=startDT,endBase+1,endBase),intervalStart,SelectedDate+Schedule_Matrix!I$1,intervalEnd,intervalStart+TIME(0,30,0),overlapDays,MAX(0,MIN(endDT,intervalEnd)-MAX(startDT,intervalStart)),IF(OR(id="",code="",rawStart="",rawEnd="",rawStart=rawEnd,countsAsStaffed=0),0,overlapDays/TIME(0,30,0))) | J21: =LET(id,Schedule_Matrix!$A21,code,UPPER(TRIM(Schedule_Matrix!$D21)),rawStart,Schedule_Matrix!$F21,rawEnd,Schedule_Matrix!$G21,countsAsStaffed,IFERROR(--XLOOKUP(code,UPPER(tblActivityCodes[Code]),tblActivityCodes[CountsAsStaffed],0),0),startDT,IF(INT(rawStart)>0,rawStart,SelectedDate+MOD(rawStart,1)),endBase,IF(INT(rawEnd)>0,rawEnd,SelectedDate+MOD(rawEnd,1)),endDT,IF(endBase<=startDT,endBase+1,endBase),intervalStart,SelectedDate+Schedule_Matrix!J$1,intervalEnd,intervalStart+TIME(0,30,0),overlapDays,MAX(0,MIN(endDT,intervalEnd)-MAX(startDT,intervalStart)),IF(OR(id="",code="",rawStart="",rawEnd="",rawStart=rawEnd,countsAsStaffed=0),0,overlapDays/TIME(0,30,0))) | K21: =LET(id,Schedule_Matrix!$A21,code,UPPER(TRIM(Schedule_Matrix!$D21)),rawStart,Schedule_Matrix!$F21,rawEnd,Schedule_Matrix!$G21,countsAsStaffed,IFERROR(--XLOOKUP(code,UPPER(tblActivityCodes[Code]),tblActivityCodes[CountsAsStaffed],0),0),startDT,IF(INT(rawStart)>0,rawStart,SelectedDate+MOD(rawStart,1)),endBase,IF(INT(rawEnd)>0,rawEnd,SelectedDate+MOD(rawEnd,1)),endDT,IF(endBase<=startDT,endBase+1,endBase),intervalStart,SelectedDate+Schedule_Matrix!K$1,intervalEnd,intervalStart+TIME(0,30,0),overlapDays,MAX(0,MIN(endDT,intervalEnd)-MAX(startDT,intervalStart)),IF(OR(id="",code="",rawStart="",rawEnd="",rawStart=rawEnd,countsAsStaffed=0),0,overlapDays/TIME(0,30,0))) | L21: =LET(id,Schedule_Matrix!$A21,code,UPPER(TRIM(Schedule_Matrix!$D21)),rawStart,Schedule_Matrix!$F21,rawEnd,Schedule_Matrix!$G21,countsAsStaffed,IFERROR(--XLOOKUP(code,UPPER(tblActivityCodes[Code]),tblActivityCodes[CountsAsStaffed],0),0),startDT,IF(INT(rawStart)>0,rawStart,SelectedDate+MOD(rawStart,1)),endBase,IF(INT(rawEnd)>0,rawEnd,SelectedDate+MOD(rawEnd,1)),endDT,IF(endBase<=startDT,endBase+1,endBase),intervalStart,SelectedDate+Schedule_Matrix!L$1,intervalEnd,intervalStart+TIME(0,30,0),overlapDays,MAX(0,MIN(endDT,intervalEnd)-MAX(startDT,intervalStart)),IF(OR(id="",code="",rawStart="",rawEnd="",rawStart=rawEnd,countsAsStaffed=0),0,overlapDays/TIME(0,30,0))) | M21: =LET(id,Schedule_Matrix!$A21,code,UPPER(TRIM(Schedule_Matrix!$D21)),rawStart,Schedule_Matrix!$F21,rawEnd,Schedule_Matrix!$G21,countsAsStaffed,IFERROR(--XLOOKUP(code,UPPER(tblActivityCodes[Code]),tblActivityCodes[CountsAsStaffed],0),0),startDT,IF(INT(rawStart)>0,rawStart,SelectedDate+MOD(rawStart,1)),endBase,IF(INT(rawEnd)>0,rawEnd,SelectedDate+MOD(rawEnd,1)),endDT,IF(endBase<=startDT,endBase+1,endBase),intervalStart,SelectedDate+Schedule_Matrix!M$1,intervalEnd,intervalStart+TIME(0,30,0),overlapDays,MAX(0,MIN(endDT,intervalEnd)-MAX(startDT,intervalStart)),IF(OR(id="",code="",rawStart="",rawEnd="",rawStart=rawEnd,countsAsStaffed=0),0,overlapDays/TIME(0,30,0))) | N21: =LET(id,Schedule_Matrix!$A21,code,UPPER(TRIM(Schedule_Matrix!$D21)),rawStart,Schedule_Matrix!$F21,rawEnd,Schedule_Matrix!$G21,countsAsStaffed,IFERROR(--XLOOKUP(code,UPPER(tblActivityCodes[Code]),tblActivityCodes[CountsAsStaffed],0),0),startDT,IF(INT(rawStart)>0,rawStart,SelectedDate+MOD(rawStart,1)),endBase,IF(INT(rawEnd)>0,rawEnd,SelectedDate+MOD(rawEnd,1)),endDT,IF(endBase<=startDT,endBase+1,endBase),intervalStart,SelectedDate+Schedule_Matrix!N$1,intervalEnd,intervalStart+TIME(0,30,0),overlapDays,MAX(0,MIN(endDT,intervalEnd)-MAX(startDT,intervalStart)),IF(OR(id="",code="",rawStart="",rawEnd="",rawStart=rawEnd,countsAsStaffed=0),0,overlapDays/TIME(0,30,0))) | O21: =LET(id,Schedule_Matrix!$A21,code,UPPER(TRIM(Schedule_Matrix!$D21)),rawStart,Schedule_Matrix!$F21,rawEnd,Schedule_Matrix!$G21,countsAsStaffed,IFERROR(--XLOOKUP(code,UPPER(tblActivityCodes[Code]),tblActivityCodes[CountsAsStaffed],0),0),startDT,IF(INT(rawStart)>0,rawStart,SelectedDate+MOD(rawStart,1)),endBase,IF(INT(rawEnd)>0,rawEnd,SelectedDate+MOD(rawEnd,1)),endDT,IF(endBase<=startDT,endBase+1,endBase),intervalStart,SelectedDate+Schedule_Matrix!O$1,intervalEnd,intervalStart+TIME(0,30,0),overlapDays,MAX(0,MIN(endDT,intervalEnd)-MAX(startDT,intervalStart)),IF(OR(id="",code="",rawStart="",rawEnd="",rawStart=rawEnd,countsAsStaffed=0),0,overlapDays/TIME(0,30,0))) | ... BC21: =LET(id,Schedule_Matrix!$A21,code,UPPER(TRIM(Schedule_Matrix!$D21)),rawStart,Schedule_Matrix!$F21,rawEnd,Schedule_Matrix!$G21,countsAsStaffed,IFERROR(--XLOOKUP(code,UPPER(tblActivityCodes[Code]),tblActivityCodes[CountsAsStaffed],0),0),startDT,IF(INT(rawStart)>0,rawStart,SelectedDate+MOD(rawStart,1)),endBase,IF(INT(rawEnd)>0,rawEnd,SelectedDate+MOD(rawEnd,1)),endDT,IF(endBase<=startDT,endBase+1,endBase),intervalStart,SelectedDate+Schedule_Matrix!BC$1,intervalEnd,intervalStart+TIME(0,30,0),overlapDays,MAX(0,MIN(endDT,intervalEnd)-MAX(startDT,intervalStart)),IF(OR(id="",code="",rawStart="",rawEnd="",rawStart=rawEnd,countsAsStaffed=0),0,overlapDays/TIME(0,30,0)))
H22: =LET(id,Schedule_Matrix!$A22,code,UPPER(TRIM(Schedule_Matrix!$D22)),rawStart,Schedule_Matrix!$F22,rawEnd,Schedule_Matrix!$G22,countsAsStaffed,IFERROR(--XLOOKUP(code,UPPER(tblActivityCodes[Code]),tblActivityCodes[CountsAsStaffed],0),0),startDT,IF(INT(rawStart)>0,rawStart,SelectedDate+MOD(rawStart,1)),endBase,IF(INT(rawEnd)>0,rawEnd,SelectedDate+MOD(rawEnd,1)),endDT,IF(endBase<=startDT,endBase+1,endBase),intervalStart,SelectedDate+Schedule_Matrix!H$1,intervalEnd,intervalStart+TIME(0,30,0),overlapDays,MAX(0,MIN(endDT,intervalEnd)-MAX(startDT,intervalStart)),IF(OR(id="",code="",rawStart="",rawEnd="",rawStart=rawEnd,countsAsStaffed=0),0,overlapDays/TIME(0,30,0))) | I22: =LET(id,Schedule_Matrix!$A22,code,UPPER(TRIM(Schedule_Matrix!$D22)),rawStart,Schedule_Matrix!$F22,rawEnd,Schedule_Matrix!$G22,countsAsStaffed,IFERROR(--XLOOKUP(code,UPPER(tblActivityCodes[Code]),tblActivityCodes[CountsAsStaffed],0),0),startDT,IF(INT(rawStart)>0,rawStart,SelectedDate+MOD(rawStart,1)),endBase,IF(INT(rawEnd)>0,rawEnd,SelectedDate+MOD(rawEnd,1)),endDT,IF(endBase<=startDT,endBase+1,endBase),intervalStart,SelectedDate+Schedule_Matrix!I$1,intervalEnd,intervalStart+TIME(0,30,0),overlapDays,MAX(0,MIN(endDT,intervalEnd)-MAX(startDT,intervalStart)),IF(OR(id="",code="",rawStart="",rawEnd="",rawStart=rawEnd,countsAsStaffed=0),0,overlapDays/TIME(0,30,0))) | J22: =LET(id,Schedule_Matrix!$A22,code,UPPER(TRIM(Schedule_Matrix!$D22)),rawStart,Schedule_Matrix!$F22,rawEnd,Schedule_Matrix!$G22,countsAsStaffed,IFERROR(--XLOOKUP(code,UPPER(tblActivityCodes[Code]),tblActivityCodes[CountsAsStaffed],0),0),startDT,IF(INT(rawStart)>0,rawStart,SelectedDate+MOD(rawStart,1)),endBase,IF(INT(rawEnd)>0,rawEnd,SelectedDate+MOD(rawEnd,1)),endDT,IF(endBase<=startDT,endBase+1,endBase),intervalStart,SelectedDate+Schedule_Matrix!J$1,intervalEnd,intervalStart+TIME(0,30,0),overlapDays,MAX(0,MIN(endDT,intervalEnd)-MAX(startDT,intervalStart)),IF(OR(id="",code="",rawStart="",rawEnd="",rawStart=rawEnd,countsAsStaffed=0),0,overlapDays/TIME(0,30,0))) | K22: =LET(id,Schedule_Matrix!$A22,code,UPPER(TRIM(Schedule_Matrix!$D22)),rawStart,Schedule_Matrix!$F22,rawEnd,Schedule_Matrix!$G22,countsAsStaffed,IFERROR(--XLOOKUP(code,UPPER(tblActivityCodes[Code]),tblActivityCodes[CountsAsStaffed],0),0),startDT,IF(INT(rawStart)>0,rawStart,SelectedDate+MOD(rawStart,1)),endBase,IF(INT(rawEnd)>0,rawEnd,SelectedDate+MOD(rawEnd,1)),endDT,IF(endBase<=startDT,endBase+1,endBase),intervalStart,SelectedDate+Schedule_Matrix!K$1,intervalEnd,intervalStart+TIME(0,30,0),overlapDays,MAX(0,MIN(endDT,intervalEnd)-MAX(startDT,intervalStart)),IF(OR(id="",code="",rawStart="",rawEnd="",rawStart=rawEnd,countsAsStaffed=0),0,overlapDays/TIME(0,30,0))) | L22: =LET(id,Schedule_Matrix!$A22,code,UPPER(TRIM(Schedule_Matrix!$D22)),rawStart,Schedule_Matrix!$F22,rawEnd,Schedule_Matrix!$G22,countsAsStaffed,IFERROR(--XLOOKUP(code,UPPER(tblActivityCodes[Code]),tblActivityCodes[CountsAsStaffed],0),0),startDT,IF(INT(rawStart)>0,rawStart,SelectedDate+MOD(rawStart,1)),endBase,IF(INT(rawEnd)>0,rawEnd,SelectedDate+MOD(rawEnd,1)),endDT,IF(endBase<=startDT,endBase+1,endBase),intervalStart,SelectedDate+Schedule_Matrix!L$1,intervalEnd,intervalStart+TIME(0,30,0),overlapDays,MAX(0,MIN(endDT,intervalEnd)-MAX(startDT,intervalStart)),IF(OR(id="",code="",rawStart="",rawEnd="",rawStart=rawEnd,countsAsStaffed=0),0,overlapDays/TIME(0,30,0))) | M22: =LET(id,Schedule_Matrix!$A22,code,UPPER(TRIM(Schedule_Matrix!$D22)),rawStart,Schedule_Matrix!$F22,rawEnd,Schedule_Matrix!$G22,countsAsStaffed,IFERROR(--XLOOKUP(code,UPPER(tblActivityCodes[Code]),tblActivityCodes[CountsAsStaffed],0),0),startDT,IF(INT(rawStart)>0,rawStart,SelectedDate+MOD(rawStart,1)),endBase,IF(INT(rawEnd)>0,rawEnd,SelectedDate+MOD(rawEnd,1)),endDT,IF(endBase<=startDT,endBase+1,endBase),intervalStart,SelectedDate+Schedule_Matrix!M$1,intervalEnd,intervalStart+TIME(0,30,0),overlapDays,MAX(0,MIN(endDT,intervalEnd)-MAX(startDT,intervalStart)),IF(OR(id="",code="",rawStart="",rawEnd="",rawStart=rawEnd,countsAsStaffed=0),0,overlapDays/TIME(0,30,0))) | N22: =LET(id,Schedule_Matrix!$A22,code,UPPER(TRIM(Schedule_Matrix!$D22)),rawStart,Schedule_Matrix!$F22,rawEnd,Schedule_Matrix!$G22,countsAsStaffed,IFERROR(--XLOOKUP(code,UPPER(tblActivityCodes[Code]),tblActivityCodes[CountsAsStaffed],0),0),startDT,IF(INT(rawStart)>0,rawStart,SelectedDate+MOD(rawStart,1)),endBase,IF(INT(rawEnd)>0,rawEnd,SelectedDate+MOD(rawEnd,1)),endDT,IF(endBase<=startDT,endBase+1,endBase),intervalStart,SelectedDate+Schedule_Matrix!N$1,intervalEnd,intervalStart+TIME(0,30,0),overlapDays,MAX(0,MIN(endDT,intervalEnd)-MAX(startDT,intervalStart)),IF(OR(id="",code="",rawStart="",rawEnd="",rawStart=rawEnd,countsAsStaffed=0),0,overlapDays/TIME(0,30,0))) | O22: =LET(id,Schedule_Matrix!$A22,code,UPPER(TRIM(Schedule_Matrix!$D22)),rawStart,Schedule_Matrix!$F22,rawEnd,Schedule_Matrix!$G22,countsAsStaffed,IFERROR(--XLOOKUP(code,UPPER(tblActivityCodes[Code]),tblActivityCodes[CountsAsStaffed],0),0),startDT,IF(INT(rawStart)>0,rawStart,SelectedDate+MOD(rawStart,1)),endBase,IF(INT(rawEnd)>0,rawEnd,SelectedDate+MOD(rawEnd,1)),endDT,IF(endBase<=startDT,endBase+1,endBase),intervalStart,SelectedDate+Schedule_Matrix!O$1,intervalEnd,intervalStart+TIME(0,30,0),overlapDays,MAX(0,MIN(endDT,intervalEnd)-MAX(startDT,intervalStart)),IF(OR(id="",code="",rawStart="",rawEnd="",rawStart=rawEnd,countsAsStaffed=0),0,overlapDays/TIME(0,30,0))) | ... BC22: =LET(id,Schedule_Matrix!$A22,code,UPPER(TRIM(Schedule_Matrix!$D22)),rawStart,Schedule_Matrix!$F22,rawEnd,Schedule_Matrix!$G22,countsAsStaffed,IFERROR(--XLOOKUP(code,UPPER(tblActivityCodes[Code]),tblActivityCodes[CountsAsStaffed],0),0),startDT,IF(INT(rawStart)>0,rawStart,SelectedDate+MOD(rawStart,1)),endBase,IF(INT(rawEnd)>0,rawEnd,SelectedDate+MOD(rawEnd,1)),endDT,IF(endBase<=startDT,endBase+1,endBase),intervalStart,SelectedDate+Schedule_Matrix!BC$1,intervalEnd,intervalStart+TIME(0,30,0),overlapDays,MAX(0,MIN(endDT,intervalEnd)-MAX(startDT,intervalStart)),IF(OR(id="",code="",rawStart="",rawEnd="",rawStart=rawEnd,countsAsStaffed=0),0,overlapDays/TIME(0,30,0)))
... H200: =LET(id,Schedule_Matrix!$A200,code,UPPER(TRIM(Schedule_Matrix!$D200)),rawStart,Schedule_Matrix!$F200,rawEnd,Schedule_Matrix!$G200,countsAsStaffed,IFERROR(--XLOOKUP(code,UPPER(tblActivityCodes[Code]),tblActivityCodes[CountsAsStaffed],0),0),startDT,IF(INT(rawStart)>0,rawStart,SelectedDate+MOD(rawStart,1)),endBase,IF(INT(rawEnd)>0,rawEnd,SelectedDate+MOD(rawEnd,1)),endDT,IF(endBase<=startDT,endBase+1,endBase),intervalStart,SelectedDate+Schedule_Matrix!H$1,intervalEnd,intervalStart+TIME(0,30,0),overlapDays,MAX(0,MIN(endDT,intervalEnd)-MAX(startDT,intervalStart)),IF(OR(id="",code="",rawStart="",rawEnd="",rawStart=rawEnd,countsAsStaffed=0),0,overlapDays/TIME(0,30,0))) | I200: =LET(id,Schedule_Matrix!$A200,code,UPPER(TRIM(Schedule_Matrix!$D200)),rawStart,Schedule_Matrix!$F200,rawEnd,Schedule_Matrix!$G200,countsAsStaffed,IFERROR(--XLOOKUP(code,UPPER(tblActivityCodes[Code]),tblActivityCodes[CountsAsStaffed],0),0),startDT,IF(INT(rawStart)>0,rawStart,SelectedDate+MOD(rawStart,1)),endBase,IF(INT(rawEnd)>0,rawEnd,SelectedDate+MOD(rawEnd,1)),endDT,IF(endBase<=startDT,endBase+1,endBase),intervalStart,SelectedDate+Schedule_Matrix!I$1,intervalEnd,intervalStart+TIME(0,30,0),overlapDays,MAX(0,MIN(endDT,intervalEnd)-MAX(startDT,intervalStart)),IF(OR(id="",code="",rawStart="",rawEnd="",rawStart=rawEnd,countsAsStaffed=0),0,overlapDays/TIME(0,30,0))) | J200: =LET(id,Schedule_Matrix!$A200,code,UPPER(TRIM(Schedule_Matrix!$D200)),rawStart,Schedule_Matrix!$F200,rawEnd,Schedule_Matrix!$G200,countsAsStaffed,IFERROR(--XLOOKUP(code,UPPER(tblActivityCodes[Code]),tblActivityCodes[CountsAsStaffed],0),0),startDT,IF(INT(rawStart)>0,rawStart,SelectedDate+MOD(rawStart,1)),endBase,IF(INT(rawEnd)>0,rawEnd,SelectedDate+MOD(rawEnd,1)),endDT,IF(endBase<=startDT,endBase+1,endBase),intervalStart,SelectedDate+Schedule_Matrix!J$1,intervalEnd,intervalStart+TIME(0,30,0),overlapDays,MAX(0,MIN(endDT,intervalEnd)-MAX(startDT,intervalStart)),IF(OR(id="",code="",rawStart="",rawEnd="",rawStart=rawEnd,countsAsStaffed=0),0,overlapDays/TIME(0,30,0))) | K200: =LET(id,Schedule_Matrix!$A200,code,UPPER(TRIM(Schedule_Matrix!$D200)),rawStart,Schedule_Matrix!$F200,rawEnd,Schedule_Matrix!$G200,countsAsStaffed,IFERROR(--XLOOKUP(code,UPPER(tblActivityCodes[Code]),tblActivityCodes[CountsAsStaffed],0),0),startDT,IF(INT(rawStart)>0,rawStart,SelectedDate+MOD(rawStart,1)),endBase,IF(INT(rawEnd)>0,rawEnd,SelectedDate+MOD(rawEnd,1)),endDT,IF(endBase<=startDT,endBase+1,endBase),intervalStart,SelectedDate+Schedule_Matrix!K$1,intervalEnd,intervalStart+TIME(0,30,0),overlapDays,MAX(0,MIN(endDT,intervalEnd)-MAX(startDT,intervalStart)),IF(OR(id="",code="",rawStart="",rawEnd="",rawStart=rawEnd,countsAsStaffed=0),0,overlapDays/TIME(0,30,0))) | L200: =LET(id,Schedule_Matrix!$A200,code,UPPER(TRIM(Schedule_Matrix!$D200)),rawStart,Schedule_Matrix!$F200,rawEnd,Schedule_Matrix!$G200,countsAsStaffed,IFERROR(--XLOOKUP(code,UPPER(tblActivityCodes[Code]),tblActivityCodes[CountsAsStaffed],0),0),startDT,IF(INT(rawStart)>0,rawStart,SelectedDate+MOD(rawStart,1)),endBase,IF(INT(rawEnd)>0,rawEnd,SelectedDate+MOD(rawEnd,1)),endDT,IF(endBase<=startDT,endBase+1,endBase),intervalStart,SelectedDate+Schedule_Matrix!L$1,intervalEnd,intervalStart+TIME(0,30,0),overlapDays,MAX(0,MIN(endDT,intervalEnd)-MAX(startDT,intervalStart)),IF(OR(id="",code="",rawStart="",rawEnd="",rawStart=rawEnd,countsAsStaffed=0),0,overlapDays/TIME(0,30,0))) | M200: =LET(id,Schedule_Matrix!$A200,code,UPPER(TRIM(Schedule_Matrix!$D200)),rawStart,Schedule_Matrix!$F200,rawEnd,Schedule_Matrix!$G200,countsAsStaffed,IFERROR(--XLOOKUP(code,UPPER(tblActivityCodes[Code]),tblActivityCodes[CountsAsStaffed],0),0),startDT,IF(INT(rawStart)>0,rawStart,SelectedDate+MOD(rawStart,1)),endBase,IF(INT(rawEnd)>0,rawEnd,SelectedDate+MOD(rawEnd,1)),endDT,IF(endBase<=startDT,endBase+1,endBase),intervalStart,SelectedDate+Schedule_Matrix!M$1,intervalEnd,intervalStart+TIME(0,30,0),overlapDays,MAX(0,MIN(endDT,intervalEnd)-MAX(startDT,intervalStart)),IF(OR(id="",code="",rawStart="",rawEnd="",rawStart=rawEnd,countsAsStaffed=0),0,overlapDays/TIME(0,30,0))) | N200: =LET(id,Schedule_Matrix!$A200,code,UPPER(TRIM(Schedule_Matrix!$D200)),rawStart,Schedule_Matrix!$F200,rawEnd,Schedule_Matrix!$G200,countsAsStaffed,IFERROR(--XLOOKUP(code,UPPER(tblActivityCodes[Code]),tblActivityCodes[CountsAsStaffed],0),0),startDT,IF(INT(rawStart)>0,rawStart,SelectedDate+MOD(rawStart,1)),endBase,IF(INT(rawEnd)>0,rawEnd,SelectedDate+MOD(rawEnd,1)),endDT,IF(endBase<=startDT,endBase+1,endBase),intervalStart,SelectedDate+Schedule_Matrix!N$1,intervalEnd,intervalStart+TIME(0,30,0),overlapDays,MAX(0,MIN(endDT,intervalEnd)-MAX(startDT,intervalStart)),IF(OR(id="",code="",rawStart="",rawEnd="",rawStart=rawEnd,countsAsStaffed=0),0,overlapDays/TIME(0,30,0))) | O200: =LET(id,Schedule_Matrix!$A200,code,UPPER(TRIM(Schedule_Matrix!$D200)),rawStart,Schedule_Matrix!$F200,rawEnd,Schedule_Matrix!$G200,countsAsStaffed,IFERROR(--XLOOKUP(code,UPPER(tblActivityCodes[Code]),tblActivityCodes[CountsAsStaffed],0),0),startDT,IF(INT(rawStart)>0,rawStart,SelectedDate+MOD(rawStart,1)),endBase,IF(INT(rawEnd)>0,rawEnd,SelectedDate+MOD(rawEnd,1)),endDT,IF(endBase<=startDT,endBase+1,endBase),intervalStart,SelectedDate+Schedule_Matrix!O$1,intervalEnd,intervalStart+TIME(0,30,0),overlapDays,MAX(0,MIN(endDT,intervalEnd)-MAX(startDT,intervalStart)),IF(OR(id="",code="",rawStart="",rawEnd="",rawStart=rawEnd,countsAsStaffed=0),0,overlapDays/TIME(0,30,0))) | ... BC200: =LET(id,Schedule_Matrix!$A200,code,UPPER(TRIM(Schedule_Matrix!$D200)),rawStart,Schedule_Matrix!$F200,rawEnd,Schedule_Matrix!$G200,countsAsStaffed,IFERROR(--XLOOKUP(code,UPPER(tblActivityCodes[Code]),tblActivityCodes[CountsAsStaffed],0),0),startDT,IF(INT(rawStart)>0,rawStart,SelectedDate+MOD(rawStart,1)),endBase,IF(INT(rawEnd)>0,rawEnd,SelectedDate+MOD(rawEnd,1)),endDT,IF(endBase<=startDT,endBase+1,endBase),intervalStart,SelectedDate+Schedule_Matrix!BC$1,intervalEnd,intervalStart+TIME(0,30,0),overlapDays,MAX(0,MIN(endDT,intervalEnd)-MAX(startDT,intervalStart)),IF(OR(id="",code="",rawStart="",rawEnd="",rawStart=rawEnd,countsAsStaffed=0),0,overlapDays/TIME(0,30,0)))

Sheet Schedule_Matrix
A1: EmployeeID | B1: Name | C1: ContractualHours | D1: CurrentShift | E1: TargetDaySelect | F1: ShiftStart | G1: ShiftEnd | H1: =TIME(0,0,0)+(COLUMN()-COLUMN($H$1))*TIME(0,30,0) | I1: =TIME(0,0,0)+(COLUMN()-COLUMN($H$1))*TIME(0,30,0) | J1: =TIME(0,0,0)+(COLUMN()-COLUMN($H$1))*TIME(0,30,0) | K1: =TIME(0,0,0)+(COLUMN()-COLUMN($H$1))*TIME(0,30,0) | L1: =TIME(0,0,0)+(COLUMN()-COLUMN($H$1))*TIME(0,30,0) | M1: =TIME(0,0,0)+(COLUMN()-COLUMN($H$1))*TIME(0,30,0) | N1: =TIME(0,0,0)+(COLUMN()-COLUMN($H$1))*TIME(0,30,0) | O1: =TIME(0,0,0)+(COLUMN()-COLUMN($H$1))*TIME(0,30,0) | ... BC1: =TIME(0,0,0)+(COLUMN()-COLUMN($H$1))*TIME(0,30,0)
A2: E001 | B2: Avery Chen | C2: 8 | D2: OWD | E2: 46184 | F2: 2026-06-11 08:15 | G2: 2026-06-11 17:00
A3: E002 | B3: Blake Diaz | C3: 8 | D3: OWD | E3: 46184 | F3: 2026-06-11 23:45 | G3: 2026-06-12 02:15
A4: E003 | B4: Casey Singh | C4: 8 | D4: Lch | E4: 46184 | F4: 2026-06-11 12:00 | G4: 2026-06-11 12:30
G5: Scheduled Productive | H5: =SUM(Calc_Engine!H$8:H$200) | I5: =SUM(Calc_Engine!I$8:I$200) | J5: =SUM(Calc_Engine!J$8:J$200) | K5: =SUM(Calc_Engine!K$8:K$200) | L5: =SUM(Calc_Engine!L$8:L$200) | M5: =SUM(Calc_Engine!M$8:M$200) | N5: =SUM(Calc_Engine!N$8:N$200) | O5: =SUM(Calc_Engine!O$8:O$200) | ... BC5: =SUM(Calc_Engine!BC$8:BC$200)
G6: Required | H6: =IFNA(SUMIFS(tblRequirements[RequiredHeadcount],tblRequirements[OperationalDate],$E$2,tblRequirements[IntervalStart],H$1),"") | I6: =IFNA(SUMIFS(tblRequirements[RequiredHeadcount],tblRequirements[OperationalDate],$E$2,tblRequirements[IntervalStart],I$1),"") | J6: =IFNA(SUMIFS(tblRequirements[RequiredHeadcount],tblRequirements[OperationalDate],$E$2,tblRequirements[IntervalStart],J$1),"") | K6: =IFNA(SUMIFS(tblRequirements[RequiredHeadcount],tblRequirements[OperationalDate],$E$2,tblRequirements[IntervalStart],K$1),"") | L6: =IFNA(SUMIFS(tblRequirements[RequiredHeadcount],tblRequirements[OperationalDate],$E$2,tblRequirements[IntervalStart],L$1),"") | M6: =IFNA(SUMIFS(tblRequirements[RequiredHeadcount],tblRequirements[OperationalDate],$E$2,tblRequirements[IntervalStart],M$1),"") | N6: =IFNA(SUMIFS(tblRequirements[RequiredHeadcount],tblRequirements[OperationalDate],$E$2,tblRequirements[IntervalStart],N$1),"") | O6: =IFNA(SUMIFS(tblRequirements[RequiredHeadcount],tblRequirements[OperationalDate],$E$2,tblRequirements[IntervalStart],O$1),"") | ... BC6: =IFNA(SUMIFS(tblRequirements[RequiredHeadcount],tblRequirements[OperationalDate],$E$2,tblRequirements[IntervalStart],BC$1),"")
G7: Over/Under | H7: =IF(H$6="","MissingRequirement",H$5-H$6) | I7: =IF(I$6="","MissingRequirement",I$5-I$6) | J7: =IF(J$6="","MissingRequirement",J$5-J$6) | K7: =IF(K$6="","MissingRequirement",K$5-K$6) | L7: =IF(L$6="","MissingRequirement",L$5-L$6) | M7: =IF(M$6="","MissingRequirement",M$5-M$6) | N7: =IF(N$6="","MissingRequirement",N$5-N$6) | O7: =IF(O$6="","MissingRequirement",O$5-O$6) | ... BC7: =IF(BC$6="","MissingRequirement",BC$5-BC$6)
A8: E001 | B8: Avery Chen | C8: 8 | D8: OWD | E8: 46184 | F8: 2026-06-11 08:15 | G8: 2026-06-11 17:00 | H8: =LET(id,$A8,code,UPPER(TRIM($D8)),rawStart,$F8,rawEnd,$G8,startDT,IF(INT(rawStart)>0,rawStart,$E$2+MOD(rawStart,1)),endBase,IF(INT(rawEnd)>0,rawEnd,$E$2+MOD(rawEnd,1)),endDT,IF(endBase<=startDT,endBase+1,endBase),intervalStart,$E$2+H$1,intervalEnd,intervalStart+TIME(0,30,0),overlapDays,MAX(0,MIN(endDT,intervalEnd)-MAX(startDT,intervalStart)),IF(OR(id="",code="",rawStart="",rawEnd="",rawStart=rawEnd),"",IF(overlapDays>0,code,""))) | I8: =LET(id,$A8,code,UPPER(TRIM($D8)),rawStart,$F8,rawEnd,$G8,startDT,IF(INT(rawStart)>0,rawStart,$E$2+MOD(rawStart,1)),endBase,IF(INT(rawEnd)>0,rawEnd,$E$2+MOD(rawEnd,1)),endDT,IF(endBase<=startDT,endBase+1,endBase),intervalStart,$E$2+I$1,intervalEnd,intervalStart+TIME(0,30,0),overlapDays,MAX(0,MIN(endDT,intervalEnd)-MAX(startDT,intervalStart)),IF(OR(id="",code="",rawStart="",rawEnd="",rawStart=rawEnd),"",IF(overlapDays>0,code,""))) | J8: =LET(id,$A8,code,UPPER(TRIM($D8)),rawStart,$F8,rawEnd,$G8,startDT,IF(INT(rawStart)>0,rawStart,$E$2+MOD(rawStart,1)),endBase,IF(INT(rawEnd)>0,rawEnd,$E$2+MOD(rawEnd,1)),endDT,IF(endBase<=startDT,endBase+1,endBase),intervalStart,$E$2+J$1,intervalEnd,intervalStart+TIME(0,30,0),overlapDays,MAX(0,MIN(endDT,intervalEnd)-MAX(startDT,intervalStart)),IF(OR(id="",code="",rawStart="",rawEnd="",rawStart=rawEnd),"",IF(overlapDays>0,code,""))) | K8: =LET(id,$A8,code,UPPER(TRIM($D8)),rawStart,$F8,rawEnd,$G8,startDT,IF(INT(rawStart)>0,rawStart,$E$2+MOD(rawStart,1)),endBase,IF(INT(rawEnd)>0,rawEnd,$E$2+MOD(rawEnd,1)),endDT,IF(endBase<=startDT,endBase+1,endBase),intervalStart,$E$2+K$1,intervalEnd,intervalStart+TIME(0,30,0),overlapDays,MAX(0,MIN(endDT,intervalEnd)-MAX(startDT,intervalStart)),IF(OR(id="",code="",rawStart="",rawEnd="",rawStart=rawEnd),"",IF(overlapDays>0,code,""))) | L8: =LET(id,$A8,code,UPPER(TRIM($D8)),rawStart,$F8,rawEnd,$G8,startDT,IF(INT(rawStart)>0,rawStart,$E$2+MOD(rawStart,1)),endBase,IF(INT(rawEnd)>0,rawEnd,$E$2+MOD(rawEnd,1)),endDT,IF(endBase<=startDT,endBase+1,endBase),intervalStart,$E$2+L$1,intervalEnd,intervalStart+TIME(0,30,0),overlapDays,MAX(0,MIN(endDT,intervalEnd)-MAX(startDT,intervalStart)),IF(OR(id="",code="",rawStart="",rawEnd="",rawStart=rawEnd),"",IF(overlapDays>0,code,""))) | M8: =LET(id,$A8,code,UPPER(TRIM($D8)),rawStart,$F8,rawEnd,$G8,startDT,IF(INT(rawStart)>0,rawStart,$E$2+MOD(rawStart,1)),endBase,IF(INT(rawEnd)>0,rawEnd,$E$2+MOD(rawEnd,1)),endDT,IF(endBase<=startDT,endBase+1,endBase),intervalStart,$E$2+M$1,intervalEnd,intervalStart+TIME(0,30,0),overlapDays,MAX(0,MIN(endDT,intervalEnd)-MAX(startDT,intervalStart)),IF(OR(id="",code="",rawStart="",rawEnd="",rawStart=rawEnd),"",IF(overlapDays>0,code,""))) | N8: =LET(id,$A8,code,UPPER(TRIM($D8)),rawStart,$F8,rawEnd,$G8,startDT,IF(INT(rawStart)>0,rawStart,$E$2+MOD(rawStart,1)),endBase,IF(INT(rawEnd)>0,rawEnd,$E$2+MOD(rawEnd,1)),endDT,IF(endBase<=startDT,endBase+1,endBase),intervalStart,$E$2+N$1,intervalEnd,intervalStart+TIME(0,30,0),overlapDays,MAX(0,MIN(endDT,intervalEnd)-MAX(startDT,intervalStart)),IF(OR(id="",code="",rawStart="",rawEnd="",rawStart=rawEnd),"",IF(overlapDays>0,code,""))) | O8: =LET(id,$A8,code,UPPER(TRIM($D8)),rawStart,$F8,rawEnd,$G8,startDT,IF(INT(rawStart)>0,rawStart,$E$2+MOD(rawStart,1)),endBase,IF(INT(rawEnd)>0,rawEnd,$E$2+MOD(rawEnd,1)),endDT,IF(endBase<=startDT,endBase+1,endBase),intervalStart,$E$2+O$1,intervalEnd,intervalStart+TIME(0,30,0),overlapDays,MAX(0,MIN(endDT,intervalEnd)-MAX(startDT,intervalStart)),IF(OR(id="",code="",rawStart="",rawEnd="",rawStart=rawEnd),"",IF(overlapDays>0,code,""))) | ... BC8: =LET(id,$A8,code,UPPER(TRIM($D8)),rawStart,$F8,rawEnd,$G8,startDT,IF(INT(rawStart)>0,rawStart,$E$2+MOD(rawStart,1)),endBase,IF(INT(rawEnd)>0,rawEnd,$E$2+MOD(rawEnd,1)),endDT,IF(endBase<=startDT,endBase+1,endBase),intervalStart,$E$2+BC$1,intervalEnd,intervalStart+TIME(0,30,0),overlapDays,MAX(0,MIN(endDT,intervalEnd)-MAX(startDT,intervalStart)),IF(OR(id="",code="",rawStart="",rawEnd="",rawStart=rawEnd),"",IF(overlapDays>0,code,"")))
A9: E002 | B9: Blake Diaz | C9: 8 | D9: OWD | E9: 46184 | F9: 2026-06-11 23:45 | G9: 2026-06-12 02:15 | H9: =LET(id,$A9,code,UPPER(TRIM($D9)),rawStart,$F9,rawEnd,$G9,startDT,IF(INT(rawStart)>0,rawStart,$E$2+MOD(rawStart,1)),endBase,IF(INT(rawEnd)>0,rawEnd,$E$2+MOD(rawEnd,1)),endDT,IF(endBase<=startDT,endBase+1,endBase),intervalStart,$E$2+H$1,intervalEnd,intervalStart+TIME(0,30,0),overlapDays,MAX(0,MIN(endDT,intervalEnd)-MAX(startDT,intervalStart)),IF(OR(id="",code="",rawStart="",rawEnd="",rawStart=rawEnd),"",IF(overlapDays>0,code,""))) | I9: =LET(id,$A9,code,UPPER(TRIM($D9)),rawStart,$F9,rawEnd,$G9,startDT,IF(INT(rawStart)>0,rawStart,$E$2+MOD(rawStart,1)),endBase,IF(INT(rawEnd)>0,rawEnd,$E$2+MOD(rawEnd,1)),endDT,IF(endBase<=startDT,endBase+1,endBase),intervalStart,$E$2+I$1,intervalEnd,intervalStart+TIME(0,30,0),overlapDays,MAX(0,MIN(endDT,intervalEnd)-MAX(startDT,intervalStart)),IF(OR(id="",code="",rawStart="",rawEnd="",rawStart=rawEnd),"",IF(overlapDays>0,code,""))) | J9: =LET(id,$A9,code,UPPER(TRIM($D9)),rawStart,$F9,rawEnd,$G9,startDT,IF(INT(rawStart)>0,rawStart,$E$2+MOD(rawStart,1)),endBase,IF(INT(rawEnd)>0,rawEnd,$E$2+MOD(rawEnd,1)),endDT,IF(endBase<=startDT,endBase+1,endBase),intervalStart,$E$2+J$1,intervalEnd,intervalStart+TIME(0,30,0),overlapDays,MAX(0,MIN(endDT,intervalEnd)-MAX(startDT,intervalStart)),IF(OR(id="",code="",rawStart="",rawEnd="",rawStart=rawEnd),"",IF(overlapDays>0,code,""))) | K9: =LET(id,$A9,code,UPPER(TRIM($D9)),rawStart,$F9,rawEnd,$G9,startDT,IF(INT(rawStart)>0,rawStart,$E$2+MOD(rawStart,1)),endBase,IF(INT(rawEnd)>0,rawEnd,$E$2+MOD(rawEnd,1)),endDT,IF(endBase<=startDT,endBase+1,endBase),intervalStart,$E$2+K$1,intervalEnd,intervalStart+TIME(0,30,0),overlapDays,MAX(0,MIN(endDT,intervalEnd)-MAX(startDT,intervalStart)),IF(OR(id="",code="",rawStart="",rawEnd="",rawStart=rawEnd),"",IF(overlapDays>0,code,""))) | L9: =LET(id,$A9,code,UPPER(TRIM($D9)),rawStart,$F9,rawEnd,$G9,startDT,IF(INT(rawStart)>0,rawStart,$E$2+MOD(rawStart,1)),endBase,IF(INT(rawEnd)>0,rawEnd,$E$2+MOD(rawEnd,1)),endDT,IF(endBase<=startDT,endBase+1,endBase),intervalStart,$E$2+L$1,intervalEnd,intervalStart+TIME(0,30,0),overlapDays,MAX(0,MIN(endDT,intervalEnd)-MAX(startDT,intervalStart)),IF(OR(id="",code="",rawStart="",rawEnd="",rawStart=rawEnd),"",IF(overlapDays>0,code,""))) | M9: =LET(id,$A9,code,UPPER(TRIM($D9)),rawStart,$F9,rawEnd,$G9,startDT,IF(INT(rawStart)>0,rawStart,$E$2+MOD(rawStart,1)),endBase,IF(INT(rawEnd)>0,rawEnd,$E$2+MOD(rawEnd,1)),endDT,IF(endBase<=startDT,endBase+1,endBase),intervalStart,$E$2+M$1,intervalEnd,intervalStart+TIME(0,30,0),overlapDays,MAX(0,MIN(endDT,intervalEnd)-MAX(startDT,intervalStart)),IF(OR(id="",code="",rawStart="",rawEnd="",rawStart=rawEnd),"",IF(overlapDays>0,code,""))) | N9: =LET(id,$A9,code,UPPER(TRIM($D9)),rawStart,$F9,rawEnd,$G9,startDT,IF(INT(rawStart)>0,rawStart,$E$2+MOD(rawStart,1)),endBase,IF(INT(rawEnd)>0,rawEnd,$E$2+MOD(rawEnd,1)),endDT,IF(endBase<=startDT,endBase+1,endBase),intervalStart,$E$2+N$1,intervalEnd,intervalStart+TIME(0,30,0),overlapDays,MAX(0,MIN(endDT,intervalEnd)-MAX(startDT,intervalStart)),IF(OR(id="",code="",rawStart="",rawEnd="",rawStart=rawEnd),"",IF(overlapDays>0,code,""))) | O9: =LET(id,$A9,code,UPPER(TRIM($D9)),rawStart,$F9,rawEnd,$G9,startDT,IF(INT(rawStart)>0,rawStart,$E$2+MOD(rawStart,1)),endBase,IF(INT(rawEnd)>0,rawEnd,$E$2+MOD(rawEnd,1)),endDT,IF(endBase<=startDT,endBase+1,endBase),intervalStart,$E$2+O$1,intervalEnd,intervalStart+TIME(0,30,0),overlapDays,MAX(0,MIN(endDT,intervalEnd)-MAX(startDT,intervalStart)),IF(OR(id="",code="",rawStart="",rawEnd="",rawStart=rawEnd),"",IF(overlapDays>0,code,""))) | ... BC9: =LET(id,$A9,code,UPPER(TRIM($D9)),rawStart,$F9,rawEnd,$G9,startDT,IF(INT(rawStart)>0,rawStart,$E$2+MOD(rawStart,1)),endBase,IF(INT(rawEnd)>0,rawEnd,$E$2+MOD(rawEnd,1)),endDT,IF(endBase<=startDT,endBase+1,endBase),intervalStart,$E$2+BC$1,intervalEnd,intervalStart+TIME(0,30,0),overlapDays,MAX(0,MIN(endDT,intervalEnd)-MAX(startDT,intervalStart)),IF(OR(id="",code="",rawStart="",rawEnd="",rawStart=rawEnd),"",IF(overlapDays>0,code,"")))
A10: E003 | B10: Casey Singh | C10: 8 | D10: Lch | E10: 46184 | F10: 2026-06-11 12:00 | G10: 2026-06-11 12:30 | H10: =LET(id,$A10,code,UPPER(TRIM($D10)),rawStart,$F10,rawEnd,$G10,startDT,IF(INT(rawStart)>0,rawStart,$E$2+MOD(rawStart,1)),endBase,IF(INT(rawEnd)>0,rawEnd,$E$2+MOD(rawEnd,1)),endDT,IF(endBase<=startDT,endBase+1,endBase),intervalStart,$E$2+H$1,intervalEnd,intervalStart+TIME(0,30,0),overlapDays,MAX(0,MIN(endDT,intervalEnd)-MAX(startDT,intervalStart)),IF(OR(id="",code="",rawStart="",rawEnd="",rawStart=rawEnd),"",IF(overlapDays>0,code,""))) | I10: =LET(id,$A10,code,UPPER(TRIM($D10)),rawStart,$F10,rawEnd,$G10,startDT,IF(INT(rawStart)>0,rawStart,$E$2+MOD(rawStart,1)),endBase,IF(INT(rawEnd)>0,rawEnd,$E$2+MOD(rawEnd,1)),endDT,IF(endBase<=startDT,endBase+1,endBase),intervalStart,$E$2+I$1,intervalEnd,intervalStart+TIME(0,30,0),overlapDays,MAX(0,MIN(endDT,intervalEnd)-MAX(startDT,intervalStart)),IF(OR(id="",code="",rawStart="",rawEnd="",rawStart=rawEnd),"",IF(overlapDays>0,code,""))) | J10: =LET(id,$A10,code,UPPER(TRIM($D10)),rawStart,$F10,rawEnd,$G10,startDT,IF(INT(rawStart)>0,rawStart,$E$2+MOD(rawStart,1)),endBase,IF(INT(rawEnd)>0,rawEnd,$E$2+MOD(rawEnd,1)),endDT,IF(endBase<=startDT,endBase+1,endBase),intervalStart,$E$2+J$1,intervalEnd,intervalStart+TIME(0,30,0),overlapDays,MAX(0,MIN(endDT,intervalEnd)-MAX(startDT,intervalStart)),IF(OR(id="",code="",rawStart="",rawEnd="",rawStart=rawEnd),"",IF(overlapDays>0,code,""))) | K10: =LET(id,$A10,code,UPPER(TRIM($D10)),rawStart,$F10,rawEnd,$G10,startDT,IF(INT(rawStart)>0,rawStart,$E$2+MOD(rawStart,1)),endBase,IF(INT(rawEnd)>0,rawEnd,$E$2+MOD(rawEnd,1)),endDT,IF(endBase<=startDT,endBase+1,endBase),intervalStart,$E$2+K$1,intervalEnd,intervalStart+TIME(0,30,0),overlapDays,MAX(0,MIN(endDT,intervalEnd)-MAX(startDT,intervalStart)),IF(OR(id="",code="",rawStart="",rawEnd="",rawStart=rawEnd),"",IF(overlapDays>0,code,""))) | L10: =LET(id,$A10,code,UPPER(TRIM($D10)),rawStart,$F10,rawEnd,$G10,startDT,IF(INT(rawStart)>0,rawStart,$E$2+MOD(rawStart,1)),endBase,IF(INT(rawEnd)>0,rawEnd,$E$2+MOD(rawEnd,1)),endDT,IF(endBase<=startDT,endBase+1,endBase),intervalStart,$E$2+L$1,intervalEnd,intervalStart+TIME(0,30,0),overlapDays,MAX(0,MIN(endDT,intervalEnd)-MAX(startDT,intervalStart)),IF(OR(id="",code="",rawStart="",rawEnd="",rawStart=rawEnd),"",IF(overlapDays>0,code,""))) | M10: =LET(id,$A10,code,UPPER(TRIM($D10)),rawStart,$F10,rawEnd,$G10,startDT,IF(INT(rawStart)>0,rawStart,$E$2+MOD(rawStart,1)),endBase,IF(INT(rawEnd)>0,rawEnd,$E$2+MOD(rawEnd,1)),endDT,IF(endBase<=startDT,endBase+1,endBase),intervalStart,$E$2+M$1,intervalEnd,intervalStart+TIME(0,30,0),overlapDays,MAX(0,MIN(endDT,intervalEnd)-MAX(startDT,intervalStart)),IF(OR(id="",code="",rawStart="",rawEnd="",rawStart=rawEnd),"",IF(overlapDays>0,code,""))) | N10: =LET(id,$A10,code,UPPER(TRIM($D10)),rawStart,$F10,rawEnd,$G10,startDT,IF(INT(rawStart)>0,rawStart,$E$2+MOD(rawStart,1)),endBase,IF(INT(rawEnd)>0,rawEnd,$E$2+MOD(rawEnd,1)),endDT,IF(endBase<=startDT,endBase+1,endBase),intervalStart,$E$2+N$1,intervalEnd,intervalStart+TIME(0,30,0),overlapDays,MAX(0,MIN(endDT,intervalEnd)-MAX(startDT,intervalStart)),IF(OR(id="",code="",rawStart="",rawEnd="",rawStart=rawEnd),"",IF(overlapDays>0,code,""))) | O10: =LET(id,$A10,code,UPPER(TRIM($D10)),rawStart,$F10,rawEnd,$G10,startDT,IF(INT(rawStart)>0,rawStart,$E$2+MOD(rawStart,1)),endBase,IF(INT(rawEnd)>0,rawEnd,$E$2+MOD(rawEnd,1)),endDT,IF(endBase<=startDT,endBase+1,endBase),intervalStart,$E$2+O$1,intervalEnd,intervalStart+TIME(0,30,0),overlapDays,MAX(0,MIN(endDT,intervalEnd)-MAX(startDT,intervalStart)),IF(OR(id="",code="",rawStart="",rawEnd="",rawStart=rawEnd),"",IF(overlapDays>0,code,""))) | ... BC10: =LET(id,$A10,code,UPPER(TRIM($D10)),rawStart,$F10,rawEnd,$G10,startDT,IF(INT(rawStart)>0,rawStart,$E$2+MOD(rawStart,1)),endBase,IF(INT(rawEnd)>0,rawEnd,$E$2+MOD(rawEnd,1)),endDT,IF(endBase<=startDT,endBase+1,endBase),intervalStart,$E$2+BC$1,intervalEnd,intervalStart+TIME(0,30,0),overlapDays,MAX(0,MIN(endDT,intervalEnd)-MAX(startDT,intervalStart)),IF(OR(id="",code="",rawStart="",rawEnd="",rawStart=rawEnd),"",IF(overlapDays>0,code,"")))
H11: =LET(id,$A11,code,UPPER(TRIM($D11)),rawStart,$F11,rawEnd,$G11,startDT,IF(INT(rawStart)>0,rawStart,$E$2+MOD(rawStart,1)),endBase,IF(INT(rawEnd)>0,rawEnd,$E$2+MOD(rawEnd,1)),endDT,IF(endBase<=startDT,endBase+1,endBase),intervalStart,$E$2+H$1,intervalEnd,intervalStart+TIME(0,30,0),overlapDays,MAX(0,MIN(endDT,intervalEnd)-MAX(startDT,intervalStart)),IF(OR(id="",code="",rawStart="",rawEnd="",rawStart=rawEnd),"",IF(overlapDays>0,code,""))) | I11: =LET(id,$A11,code,UPPER(TRIM($D11)),rawStart,$F11,rawEnd,$G11,startDT,IF(INT(rawStart)>0,rawStart,$E$2+MOD(rawStart,1)),endBase,IF(INT(rawEnd)>0,rawEnd,$E$2+MOD(rawEnd,1)),endDT,IF(endBase<=startDT,endBase+1,endBase),intervalStart,$E$2+I$1,intervalEnd,intervalStart+TIME(0,30,0),overlapDays,MAX(0,MIN(endDT,intervalEnd)-MAX(startDT,intervalStart)),IF(OR(id="",code="",rawStart="",rawEnd="",rawStart=rawEnd),"",IF(overlapDays>0,code,""))) | J11: =LET(id,$A11,code,UPPER(TRIM($D11)),rawStart,$F11,rawEnd,$G11,startDT,IF(INT(rawStart)>0,rawStart,$E$2+MOD(rawStart,1)),endBase,IF(INT(rawEnd)>0,rawEnd,$E$2+MOD(rawEnd,1)),endDT,IF(endBase<=startDT,endBase+1,endBase),intervalStart,$E$2+J$1,intervalEnd,intervalStart+TIME(0,30,0),overlapDays,MAX(0,MIN(endDT,intervalEnd)-MAX(startDT,intervalStart)),IF(OR(id="",code="",rawStart="",rawEnd="",rawStart=rawEnd),"",IF(overlapDays>0,code,""))) | K11: =LET(id,$A11,code,UPPER(TRIM($D11)),rawStart,$F11,rawEnd,$G11,startDT,IF(INT(rawStart)>0,rawStart,$E$2+MOD(rawStart,1)),endBase,IF(INT(rawEnd)>0,rawEnd,$E$2+MOD(rawEnd,1)),endDT,IF(endBase<=startDT,endBase+1,endBase),intervalStart,$E$2+K$1,intervalEnd,intervalStart+TIME(0,30,0),overlapDays,MAX(0,MIN(endDT,intervalEnd)-MAX(startDT,intervalStart)),IF(OR(id="",code="",rawStart="",rawEnd="",rawStart=rawEnd),"",IF(overlapDays>0,code,""))) | L11: =LET(id,$A11,code,UPPER(TRIM($D11)),rawStart,$F11,rawEnd,$G11,startDT,IF(INT(rawStart)>0,rawStart,$E$2+MOD(rawStart,1)),endBase,IF(INT(rawEnd)>0,rawEnd,$E$2+MOD(rawEnd,1)),endDT,IF(endBase<=startDT,endBase+1,endBase),intervalStart,$E$2+L$1,intervalEnd,intervalStart+TIME(0,30,0),overlapDays,MAX(0,MIN(endDT,intervalEnd)-MAX(startDT,intervalStart)),IF(OR(id="",code="",rawStart="",rawEnd="",rawStart=rawEnd),"",IF(overlapDays>0,code,""))) | M11: =LET(id,$A11,code,UPPER(TRIM($D11)),rawStart,$F11,rawEnd,$G11,startDT,IF(INT(rawStart)>0,rawStart,$E$2+MOD(rawStart,1)),endBase,IF(INT(rawEnd)>0,rawEnd,$E$2+MOD(rawEnd,1)),endDT,IF(endBase<=startDT,endBase+1,endBase),intervalStart,$E$2+M$1,intervalEnd,intervalStart+TIME(0,30,0),overlapDays,MAX(0,MIN(endDT,intervalEnd)-MAX(startDT,intervalStart)),IF(OR(id="",code="",rawStart="",rawEnd="",rawStart=rawEnd),"",IF(overlapDays>0,code,""))) | N11: =LET(id,$A11,code,UPPER(TRIM($D11)),rawStart,$F11,rawEnd,$G11,startDT,IF(INT(rawStart)>0,rawStart,$E$2+MOD(rawStart,1)),endBase,IF(INT(rawEnd)>0,rawEnd,$E$2+MOD(rawEnd,1)),endDT,IF(endBase<=startDT,endBase+1,endBase),intervalStart,$E$2+N$1,intervalEnd,intervalStart+TIME(0,30,0),overlapDays,MAX(0,MIN(endDT,intervalEnd)-MAX(startDT,intervalStart)),IF(OR(id="",code="",rawStart="",rawEnd="",rawStart=rawEnd),"",IF(overlapDays>0,code,""))) | O11: =LET(id,$A11,code,UPPER(TRIM($D11)),rawStart,$F11,rawEnd,$G11,startDT,IF(INT(rawStart)>0,rawStart,$E$2+MOD(rawStart,1)),endBase,IF(INT(rawEnd)>0,rawEnd,$E$2+MOD(rawEnd,1)),endDT,IF(endBase<=startDT,endBase+1,endBase),intervalStart,$E$2+O$1,intervalEnd,intervalStart+TIME(0,30,0),overlapDays,MAX(0,MIN(endDT,intervalEnd)-MAX(startDT,intervalStart)),IF(OR(id="",code="",rawStart="",rawEnd="",rawStart=rawEnd),"",IF(overlapDays>0,code,""))) | ... BC11: =LET(id,$A11,code,UPPER(TRIM($D11)),rawStart,$F11,rawEnd,$G11,startDT,IF(INT(rawStart)>0,rawStart,$E$2+MOD(rawStart,1)),endBase,IF(INT(rawEnd)>0,rawEnd,$E$2+MOD(rawEnd,1)),endDT,IF(endBase<=startDT,endBase+1,endBase),intervalStart,$E$2+BC$1,intervalEnd,intervalStart+TIME(0,30,0),overlapDays,MAX(0,MIN(endDT,intervalEnd)-MAX(startDT,intervalStart)),IF(OR(id="",code="",rawStart="",rawEnd="",rawStart=rawEnd),"",IF(overlapDays>0,code,"")))
H12: =LET(id,$A12,code,UPPER(TRIM($D12)),rawStart,$F12,rawEnd,$G12,startDT,IF(INT(rawStart)>0,rawStart,$E$2+MOD(rawStart,1)),endBase,IF(INT(rawEnd)>0,rawEnd,$E$2+MOD(rawEnd,1)),endDT,IF(endBase<=startDT,endBase+1,endBase),intervalStart,$E$2+H$1,intervalEnd,intervalStart+TIME(0,30,0),overlapDays,MAX(0,MIN(endDT,intervalEnd)-MAX(startDT,intervalStart)),IF(OR(id="",code="",rawStart="",rawEnd="",rawStart=rawEnd),"",IF(overlapDays>0,code,""))) | I12: =LET(id,$A12,code,UPPER(TRIM($D12)),rawStart,$F12,rawEnd,$G12,startDT,IF(INT(rawStart)>0,rawStart,$E$2+MOD(rawStart,1)),endBase,IF(INT(rawEnd)>0,rawEnd,$E$2+MOD(rawEnd,1)),endDT,IF(endBase<=startDT,endBase+1,endBase),intervalStart,$E$2+I$1,intervalEnd,intervalStart+TIME(0,30,0),overlapDays,MAX(0,MIN(endDT,intervalEnd)-MAX(startDT,intervalStart)),IF(OR(id="",code="",rawStart="",rawEnd="",rawStart=rawEnd),"",IF(overlapDays>0,code,""))) | J12: =LET(id,$A12,code,UPPER(TRIM($D12)),rawStart,$F12,rawEnd,$G12,startDT,IF(INT(rawStart)>0,rawStart,$E$2+MOD(rawStart,1)),endBase,IF(INT(rawEnd)>0,rawEnd,$E$2+MOD(rawEnd,1)),endDT,IF(endBase<=startDT,endBase+1,endBase),intervalStart,$E$2+J$1,intervalEnd,intervalStart+TIME(0,30,0),overlapDays,MAX(0,MIN(endDT,intervalEnd)-MAX(startDT,intervalStart)),IF(OR(id="",code="",rawStart="",rawEnd="",rawStart=rawEnd),"",IF(overlapDays>0,code,""))) | K12: =LET(id,$A12,code,UPPER(TRIM($D12)),rawStart,$F12,rawEnd,$G12,startDT,IF(INT(rawStart)>0,rawStart,$E$2+MOD(rawStart,1)),endBase,IF(INT(rawEnd)>0,rawEnd,$E$2+MOD(rawEnd,1)),endDT,IF(endBase<=startDT,endBase+1,endBase),intervalStart,$E$2+K$1,intervalEnd,intervalStart+TIME(0,30,0),overlapDays,MAX(0,MIN(endDT,intervalEnd)-MAX(startDT,intervalStart)),IF(OR(id="",code="",rawStart="",rawEnd="",rawStart=rawEnd),"",IF(overlapDays>0,code,""))) | L12: =LET(id,$A12,code,UPPER(TRIM($D12)),rawStart,$F12,rawEnd,$G12,startDT,IF(INT(rawStart)>0,rawStart,$E$2+MOD(rawStart,1)),endBase,IF(INT(rawEnd)>0,rawEnd,$E$2+MOD(rawEnd,1)),endDT,IF(endBase<=startDT,endBase+1,endBase),intervalStart,$E$2+L$1,intervalEnd,intervalStart+TIME(0,30,0),overlapDays,MAX(0,MIN(endDT,intervalEnd)-MAX(startDT,intervalStart)),IF(OR(id="",code="",rawStart="",rawEnd="",rawStart=rawEnd),"",IF(overlapDays>0,code,""))) | M12: =LET(id,$A12,code,UPPER(TRIM($D12)),rawStart,$F12,rawEnd,$G12,startDT,IF(INT(rawStart)>0,rawStart,$E$2+MOD(rawStart,1)),endBase,IF(INT(rawEnd)>0,rawEnd,$E$2+MOD(rawEnd,1)),endDT,IF(endBase<=startDT,endBase+1,endBase),intervalStart,$E$2+M$1,intervalEnd,intervalStart+TIME(0,30,0),overlapDays,MAX(0,MIN(endDT,intervalEnd)-MAX(startDT,intervalStart)),IF(OR(id="",code="",rawStart="",rawEnd="",rawStart=rawEnd),"",IF(overlapDays>0,code,""))) | N12: =LET(id,$A12,code,UPPER(TRIM($D12)),rawStart,$F12,rawEnd,$G12,startDT,IF(INT(rawStart)>0,rawStart,$E$2+MOD(rawStart,1)),endBase,IF(INT(rawEnd)>0,rawEnd,$E$2+MOD(rawEnd,1)),endDT,IF(endBase<=startDT,endBase+1,endBase),intervalStart,$E$2+N$1,intervalEnd,intervalStart+TIME(0,30,0),overlapDays,MAX(0,MIN(endDT,intervalEnd)-MAX(startDT,intervalStart)),IF(OR(id="",code="",rawStart="",rawEnd="",rawStart=rawEnd),"",IF(overlapDays>0,code,""))) | O12: =LET(id,$A12,code,UPPER(TRIM($D12)),rawStart,$F12,rawEnd,$G12,startDT,IF(INT(rawStart)>0,rawStart,$E$2+MOD(rawStart,1)),endBase,IF(INT(rawEnd)>0,rawEnd,$E$2+MOD(rawEnd,1)),endDT,IF(endBase<=startDT,endBase+1,endBase),intervalStart,$E$2+O$1,intervalEnd,intervalStart+TIME(0,30,0),overlapDays,MAX(0,MIN(endDT,intervalEnd)-MAX(startDT,intervalStart)),IF(OR(id="",code="",rawStart="",rawEnd="",rawStart=rawEnd),"",IF(overlapDays>0,code,""))) | ... BC12: =LET(id,$A12,code,UPPER(TRIM($D12)),rawStart,$F12,rawEnd,$G12,startDT,IF(INT(rawStart)>0,rawStart,$E$2+MOD(rawStart,1)),endBase,IF(INT(rawEnd)>0,rawEnd,$E$2+MOD(rawEnd,1)),endDT,IF(endBase<=startDT,endBase+1,endBase),intervalStart,$E$2+BC$1,intervalEnd,intervalStart+TIME(0,30,0),overlapDays,MAX(0,MIN(endDT,intervalEnd)-MAX(startDT,intervalStart)),IF(OR(id="",code="",rawStart="",rawEnd="",rawStart=rawEnd),"",IF(overlapDays>0,code,"")))
H13: =LET(id,$A13,code,UPPER(TRIM($D13)),rawStart,$F13,rawEnd,$G13,startDT,IF(INT(rawStart)>0,rawStart,$E$2+MOD(rawStart,1)),endBase,IF(INT(rawEnd)>0,rawEnd,$E$2+MOD(rawEnd,1)),endDT,IF(endBase<=startDT,endBase+1,endBase),intervalStart,$E$2+H$1,intervalEnd,intervalStart+TIME(0,30,0),overlapDays,MAX(0,MIN(endDT,intervalEnd)-MAX(startDT,intervalStart)),IF(OR(id="",code="",rawStart="",rawEnd="",rawStart=rawEnd),"",IF(overlapDays>0,code,""))) | I13: =LET(id,$A13,code,UPPER(TRIM($D13)),rawStart,$F13,rawEnd,$G13,startDT,IF(INT(rawStart)>0,rawStart,$E$2+MOD(rawStart,1)),endBase,IF(INT(rawEnd)>0,rawEnd,$E$2+MOD(rawEnd,1)),endDT,IF(endBase<=startDT,endBase+1,endBase),intervalStart,$E$2+I$1,intervalEnd,intervalStart+TIME(0,30,0),overlapDays,MAX(0,MIN(endDT,intervalEnd)-MAX(startDT,intervalStart)),IF(OR(id="",code="",rawStart="",rawEnd="",rawStart=rawEnd),"",IF(overlapDays>0,code,""))) | J13: =LET(id,$A13,code,UPPER(TRIM($D13)),rawStart,$F13,rawEnd,$G13,startDT,IF(INT(rawStart)>0,rawStart,$E$2+MOD(rawStart,1)),endBase,IF(INT(rawEnd)>0,rawEnd,$E$2+MOD(rawEnd,1)),endDT,IF(endBase<=startDT,endBase+1,endBase),intervalStart,$E$2+J$1,intervalEnd,intervalStart+TIME(0,30,0),overlapDays,MAX(0,MIN(endDT,intervalEnd)-MAX(startDT,intervalStart)),IF(OR(id="",code="",rawStart="",rawEnd="",rawStart=rawEnd),"",IF(overlapDays>0,code,""))) | K13: =LET(id,$A13,code,UPPER(TRIM($D13)),rawStart,$F13,rawEnd,$G13,startDT,IF(INT(rawStart)>0,rawStart,$E$2+MOD(rawStart,1)),endBase,IF(INT(rawEnd)>0,rawEnd,$E$2+MOD(rawEnd,1)),endDT,IF(endBase<=startDT,endBase+1,endBase),intervalStart,$E$2+K$1,intervalEnd,intervalStart+TIME(0,30,0),overlapDays,MAX(0,MIN(endDT,intervalEnd)-MAX(startDT,intervalStart)),IF(OR(id="",code="",rawStart="",rawEnd="",rawStart=rawEnd),"",IF(overlapDays>0,code,""))) | L13: =LET(id,$A13,code,UPPER(TRIM($D13)),rawStart,$F13,rawEnd,$G13,startDT,IF(INT(rawStart)>0,rawStart,$E$2+MOD(rawStart,1)),endBase,IF(INT(rawEnd)>0,rawEnd,$E$2+MOD(rawEnd,1)),endDT,IF(endBase<=startDT,endBase+1,endBase),intervalStart,$E$2+L$1,intervalEnd,intervalStart+TIME(0,30,0),overlapDays,MAX(0,MIN(endDT,intervalEnd)-MAX(startDT,intervalStart)),IF(OR(id="",code="",rawStart="",rawEnd="",rawStart=rawEnd),"",IF(overlapDays>0,code,""))) | M13: =LET(id,$A13,code,UPPER(TRIM($D13)),rawStart,$F13,rawEnd,$G13,startDT,IF(INT(rawStart)>0,rawStart,$E$2+MOD(rawStart,1)),endBase,IF(INT(rawEnd)>0,rawEnd,$E$2+MOD(rawEnd,1)),endDT,IF(endBase<=startDT,endBase+1,endBase),intervalStart,$E$2+M$1,intervalEnd,intervalStart+TIME(0,30,0),overlapDays,MAX(0,MIN(endDT,intervalEnd)-MAX(startDT,intervalStart)),IF(OR(id="",code="",rawStart="",rawEnd="",rawStart=rawEnd),"",IF(overlapDays>0,code,""))) | N13: =LET(id,$A13,code,UPPER(TRIM($D13)),rawStart,$F13,rawEnd,$G13,startDT,IF(INT(rawStart)>0,rawStart,$E$2+MOD(rawStart,1)),endBase,IF(INT(rawEnd)>0,rawEnd,$E$2+MOD(rawEnd,1)),endDT,IF(endBase<=startDT,endBase+1,endBase),intervalStart,$E$2+N$1,intervalEnd,intervalStart+TIME(0,30,0),overlapDays,MAX(0,MIN(endDT,intervalEnd)-MAX(startDT,intervalStart)),IF(OR(id="",code="",rawStart="",rawEnd="",rawStart=rawEnd),"",IF(overlapDays>0,code,""))) | O13: =LET(id,$A13,code,UPPER(TRIM($D13)),rawStart,$F13,rawEnd,$G13,startDT,IF(INT(rawStart)>0,rawStart,$E$2+MOD(rawStart,1)),endBase,IF(INT(rawEnd)>0,rawEnd,$E$2+MOD(rawEnd,1)),endDT,IF(endBase<=startDT,endBase+1,endBase),intervalStart,$E$2+O$1,intervalEnd,intervalStart+TIME(0,30,0),overlapDays,MAX(0,MIN(endDT,intervalEnd)-MAX(startDT,intervalStart)),IF(OR(id="",code="",rawStart="",rawEnd="",rawStart=rawEnd),"",IF(overlapDays>0,code,""))) | ... BC13: =LET(id,$A13,code,UPPER(TRIM($D13)),rawStart,$F13,rawEnd,$G13,startDT,IF(INT(rawStart)>0,rawStart,$E$2+MOD(rawStart,1)),endBase,IF(INT(rawEnd)>0,rawEnd,$E$2+MOD(rawEnd,1)),endDT,IF(endBase<=startDT,endBase+1,endBase),intervalStart,$E$2+BC$1,intervalEnd,intervalStart+TIME(0,30,0),overlapDays,MAX(0,MIN(endDT,intervalEnd)-MAX(startDT,intervalStart)),IF(OR(id="",code="",rawStart="",rawEnd="",rawStart=rawEnd),"",IF(overlapDays>0,code,"")))
H14: =LET(id,$A14,code,UPPER(TRIM($D14)),rawStart,$F14,rawEnd,$G14,startDT,IF(INT(rawStart)>0,rawStart,$E$2+MOD(rawStart,1)),endBase,IF(INT(rawEnd)>0,rawEnd,$E$2+MOD(rawEnd,1)),endDT,IF(endBase<=startDT,endBase+1,endBase),intervalStart,$E$2+H$1,intervalEnd,intervalStart+TIME(0,30,0),overlapDays,MAX(0,MIN(endDT,intervalEnd)-MAX(startDT,intervalStart)),IF(OR(id="",code="",rawStart="",rawEnd="",rawStart=rawEnd),"",IF(overlapDays>0,code,""))) | I14: =LET(id,$A14,code,UPPER(TRIM($D14)),rawStart,$F14,rawEnd,$G14,startDT,IF(INT(rawStart)>0,rawStart,$E$2+MOD(rawStart,1)),endBase,IF(INT(rawEnd)>0,rawEnd,$E$2+MOD(rawEnd,1)),endDT,IF(endBase<=startDT,endBase+1,endBase),intervalStart,$E$2+I$1,intervalEnd,intervalStart+TIME(0,30,0),overlapDays,MAX(0,MIN(endDT,intervalEnd)-MAX(startDT,intervalStart)),IF(OR(id="",code="",rawStart="",rawEnd="",rawStart=rawEnd),"",IF(overlapDays>0,code,""))) | J14: =LET(id,$A14,code,UPPER(TRIM($D14)),rawStart,$F14,rawEnd,$G14,startDT,IF(INT(rawStart)>0,rawStart,$E$2+MOD(rawStart,1)),endBase,IF(INT(rawEnd)>0,rawEnd,$E$2+MOD(rawEnd,1)),endDT,IF(endBase<=startDT,endBase+1,endBase),intervalStart,$E$2+J$1,intervalEnd,intervalStart+TIME(0,30,0),overlapDays,MAX(0,MIN(endDT,intervalEnd)-MAX(startDT,intervalStart)),IF(OR(id="",code="",rawStart="",rawEnd="",rawStart=rawEnd),"",IF(overlapDays>0,code,""))) | K14: =LET(id,$A14,code,UPPER(TRIM($D14)),rawStart,$F14,rawEnd,$G14,startDT,IF(INT(rawStart)>0,rawStart,$E$2+MOD(rawStart,1)),endBase,IF(INT(rawEnd)>0,rawEnd,$E$2+MOD(rawEnd,1)),endDT,IF(endBase<=startDT,endBase+1,endBase),intervalStart,$E$2+K$1,intervalEnd,intervalStart+TIME(0,30,0),overlapDays,MAX(0,MIN(endDT,intervalEnd)-MAX(startDT,intervalStart)),IF(OR(id="",code="",rawStart="",rawEnd="",rawStart=rawEnd),"",IF(overlapDays>0,code,""))) | L14: =LET(id,$A14,code,UPPER(TRIM($D14)),rawStart,$F14,rawEnd,$G14,startDT,IF(INT(rawStart)>0,rawStart,$E$2+MOD(rawStart,1)),endBase,IF(INT(rawEnd)>0,rawEnd,$E$2+MOD(rawEnd,1)),endDT,IF(endBase<=startDT,endBase+1,endBase),intervalStart,$E$2+L$1,intervalEnd,intervalStart+TIME(0,30,0),overlapDays,MAX(0,MIN(endDT,intervalEnd)-MAX(startDT,intervalStart)),IF(OR(id="",code="",rawStart="",rawEnd="",rawStart=rawEnd),"",IF(overlapDays>0,code,""))) | M14: =LET(id,$A14,code,UPPER(TRIM($D14)),rawStart,$F14,rawEnd,$G14,startDT,IF(INT(rawStart)>0,rawStart,$E$2+MOD(rawStart,1)),endBase,IF(INT(rawEnd)>0,rawEnd,$E$2+MOD(rawEnd,1)),endDT,IF(endBase<=startDT,endBase+1,endBase),intervalStart,$E$2+M$1,intervalEnd,intervalStart+TIME(0,30,0),overlapDays,MAX(0,MIN(endDT,intervalEnd)-MAX(startDT,intervalStart)),IF(OR(id="",code="",rawStart="",rawEnd="",rawStart=rawEnd),"",IF(overlapDays>0,code,""))) | N14: =LET(id,$A14,code,UPPER(TRIM($D14)),rawStart,$F14,rawEnd,$G14,startDT,IF(INT(rawStart)>0,rawStart,$E$2+MOD(rawStart,1)),endBase,IF(INT(rawEnd)>0,rawEnd,$E$2+MOD(rawEnd,1)),endDT,IF(endBase<=startDT,endBase+1,endBase),intervalStart,$E$2+N$1,intervalEnd,intervalStart+TIME(0,30,0),overlapDays,MAX(0,MIN(endDT,intervalEnd)-MAX(startDT,intervalStart)),IF(OR(id="",code="",rawStart="",rawEnd="",rawStart=rawEnd),"",IF(overlapDays>0,code,""))) | O14: =LET(id,$A14,code,UPPER(TRIM($D14)),rawStart,$F14,rawEnd,$G14,startDT,IF(INT(rawStart)>0,rawStart,$E$2+MOD(rawStart,1)),endBase,IF(INT(rawEnd)>0,rawEnd,$E$2+MOD(rawEnd,1)),endDT,IF(endBase<=startDT,endBase+1,endBase),intervalStart,$E$2+O$1,intervalEnd,intervalStart+TIME(0,30,0),overlapDays,MAX(0,MIN(endDT,intervalEnd)-MAX(startDT,intervalStart)),IF(OR(id="",code="",rawStart="",rawEnd="",rawStart=rawEnd),"",IF(overlapDays>0,code,""))) | ... BC14: =LET(id,$A14,code,UPPER(TRIM($D14)),rawStart,$F14,rawEnd,$G14,startDT,IF(INT(rawStart)>0,rawStart,$E$2+MOD(rawStart,1)),endBase,IF(INT(rawEnd)>0,rawEnd,$E$2+MOD(rawEnd,1)),endDT,IF(endBase<=startDT,endBase+1,endBase),intervalStart,$E$2+BC$1,intervalEnd,intervalStart+TIME(0,30,0),overlapDays,MAX(0,MIN(endDT,intervalEnd)-MAX(startDT,intervalStart)),IF(OR(id="",code="",rawStart="",rawEnd="",rawStart=rawEnd),"",IF(overlapDays>0,code,"")))
H15: =LET(id,$A15,code,UPPER(TRIM($D15)),rawStart,$F15,rawEnd,$G15,startDT,IF(INT(rawStart)>0,rawStart,$E$2+MOD(rawStart,1)),endBase,IF(INT(rawEnd)>0,rawEnd,$E$2+MOD(rawEnd,1)),endDT,IF(endBase<=startDT,endBase+1,endBase),intervalStart,$E$2+H$1,intervalEnd,intervalStart+TIME(0,30,0),overlapDays,MAX(0,MIN(endDT,intervalEnd)-MAX(startDT,intervalStart)),IF(OR(id="",code="",rawStart="",rawEnd="",rawStart=rawEnd),"",IF(overlapDays>0,code,""))) | I15: =LET(id,$A15,code,UPPER(TRIM($D15)),rawStart,$F15,rawEnd,$G15,startDT,IF(INT(rawStart)>0,rawStart,$E$2+MOD(rawStart,1)),endBase,IF(INT(rawEnd)>0,rawEnd,$E$2+MOD(rawEnd,1)),endDT,IF(endBase<=startDT,endBase+1,endBase),intervalStart,$E$2+I$1,intervalEnd,intervalStart+TIME(0,30,0),overlapDays,MAX(0,MIN(endDT,intervalEnd)-MAX(startDT,intervalStart)),IF(OR(id="",code="",rawStart="",rawEnd="",rawStart=rawEnd),"",IF(overlapDays>0,code,""))) | J15: =LET(id,$A15,code,UPPER(TRIM($D15)),rawStart,$F15,rawEnd,$G15,startDT,IF(INT(rawStart)>0,rawStart,$E$2+MOD(rawStart,1)),endBase,IF(INT(rawEnd)>0,rawEnd,$E$2+MOD(rawEnd,1)),endDT,IF(endBase<=startDT,endBase+1,endBase),intervalStart,$E$2+J$1,intervalEnd,intervalStart+TIME(0,30,0),overlapDays,MAX(0,MIN(endDT,intervalEnd)-MAX(startDT,intervalStart)),IF(OR(id="",code="",rawStart="",rawEnd="",rawStart=rawEnd),"",IF(overlapDays>0,code,""))) | K15: =LET(id,$A15,code,UPPER(TRIM($D15)),rawStart,$F15,rawEnd,$G15,startDT,IF(INT(rawStart)>0,rawStart,$E$2+MOD(rawStart,1)),endBase,IF(INT(rawEnd)>0,rawEnd,$E$2+MOD(rawEnd,1)),endDT,IF(endBase<=startDT,endBase+1,endBase),intervalStart,$E$2+K$1,intervalEnd,intervalStart+TIME(0,30,0),overlapDays,MAX(0,MIN(endDT,intervalEnd)-MAX(startDT,intervalStart)),IF(OR(id="",code="",rawStart="",rawEnd="",rawStart=rawEnd),"",IF(overlapDays>0,code,""))) | L15: =LET(id,$A15,code,UPPER(TRIM($D15)),rawStart,$F15,rawEnd,$G15,startDT,IF(INT(rawStart)>0,rawStart,$E$2+MOD(rawStart,1)),endBase,IF(INT(rawEnd)>0,rawEnd,$E$2+MOD(rawEnd,1)),endDT,IF(endBase<=startDT,endBase+1,endBase),intervalStart,$E$2+L$1,intervalEnd,intervalStart+TIME(0,30,0),overlapDays,MAX(0,MIN(endDT,intervalEnd)-MAX(startDT,intervalStart)),IF(OR(id="",code="",rawStart="",rawEnd="",rawStart=rawEnd),"",IF(overlapDays>0,code,""))) | M15: =LET(id,$A15,code,UPPER(TRIM($D15)),rawStart,$F15,rawEnd,$G15,startDT,IF(INT(rawStart)>0,rawStart,$E$2+MOD(rawStart,1)),endBase,IF(INT(rawEnd)>0,rawEnd,$E$2+MOD(rawEnd,1)),endDT,IF(endBase<=startDT,endBase+1,endBase),intervalStart,$E$2+M$1,intervalEnd,intervalStart+TIME(0,30,0),overlapDays,MAX(0,MIN(endDT,intervalEnd)-MAX(startDT,intervalStart)),IF(OR(id="",code="",rawStart="",rawEnd="",rawStart=rawEnd),"",IF(overlapDays>0,code,""))) | N15: =LET(id,$A15,code,UPPER(TRIM($D15)),rawStart,$F15,rawEnd,$G15,startDT,IF(INT(rawStart)>0,rawStart,$E$2+MOD(rawStart,1)),endBase,IF(INT(rawEnd)>0,rawEnd,$E$2+MOD(rawEnd,1)),endDT,IF(endBase<=startDT,endBase+1,endBase),intervalStart,$E$2+N$1,intervalEnd,intervalStart+TIME(0,30,0),overlapDays,MAX(0,MIN(endDT,intervalEnd)-MAX(startDT,intervalStart)),IF(OR(id="",code="",rawStart="",rawEnd="",rawStart=rawEnd),"",IF(overlapDays>0,code,""))) | O15: =LET(id,$A15,code,UPPER(TRIM($D15)),rawStart,$F15,rawEnd,$G15,startDT,IF(INT(rawStart)>0,rawStart,$E$2+MOD(rawStart,1)),endBase,IF(INT(rawEnd)>0,rawEnd,$E$2+MOD(rawEnd,1)),endDT,IF(endBase<=startDT,endBase+1,endBase),intervalStart,$E$2+O$1,intervalEnd,intervalStart+TIME(0,30,0),overlapDays,MAX(0,MIN(endDT,intervalEnd)-MAX(startDT,intervalStart)),IF(OR(id="",code="",rawStart="",rawEnd="",rawStart=rawEnd),"",IF(overlapDays>0,code,""))) | ... BC15: =LET(id,$A15,code,UPPER(TRIM($D15)),rawStart,$F15,rawEnd,$G15,startDT,IF(INT(rawStart)>0,rawStart,$E$2+MOD(rawStart,1)),endBase,IF(INT(rawEnd)>0,rawEnd,$E$2+MOD(rawEnd,1)),endDT,IF(endBase<=startDT,endBase+1,endBase),intervalStart,$E$2+BC$1,intervalEnd,intervalStart+TIME(0,30,0),overlapDays,MAX(0,MIN(endDT,intervalEnd)-MAX(startDT,intervalStart)),IF(OR(id="",code="",rawStart="",rawEnd="",rawStart=rawEnd),"",IF(overlapDays>0,code,"")))
H16: =LET(id,$A16,code,UPPER(TRIM($D16)),rawStart,$F16,rawEnd,$G16,startDT,IF(INT(rawStart)>0,rawStart,$E$2+MOD(rawStart,1)),endBase,IF(INT(rawEnd)>0,rawEnd,$E$2+MOD(rawEnd,1)),endDT,IF(endBase<=startDT,endBase+1,endBase),intervalStart,$E$2+H$1,intervalEnd,intervalStart+TIME(0,30,0),overlapDays,MAX(0,MIN(endDT,intervalEnd)-MAX(startDT,intervalStart)),IF(OR(id="",code="",rawStart="",rawEnd="",rawStart=rawEnd),"",IF(overlapDays>0,code,""))) | I16: =LET(id,$A16,code,UPPER(TRIM($D16)),rawStart,$F16,rawEnd,$G16,startDT,IF(INT(rawStart)>0,rawStart,$E$2+MOD(rawStart,1)),endBase,IF(INT(rawEnd)>0,rawEnd,$E$2+MOD(rawEnd,1)),endDT,IF(endBase<=startDT,endBase+1,endBase),intervalStart,$E$2+I$1,intervalEnd,intervalStart+TIME(0,30,0),overlapDays,MAX(0,MIN(endDT,intervalEnd)-MAX(startDT,intervalStart)),IF(OR(id="",code="",rawStart="",rawEnd="",rawStart=rawEnd),"",IF(overlapDays>0,code,""))) | J16: =LET(id,$A16,code,UPPER(TRIM($D16)),rawStart,$F16,rawEnd,$G16,startDT,IF(INT(rawStart)>0,rawStart,$E$2+MOD(rawStart,1)),endBase,IF(INT(rawEnd)>0,rawEnd,$E$2+MOD(rawEnd,1)),endDT,IF(endBase<=startDT,endBase+1,endBase),intervalStart,$E$2+J$1,intervalEnd,intervalStart+TIME(0,30,0),overlapDays,MAX(0,MIN(endDT,intervalEnd)-MAX(startDT,intervalStart)),IF(OR(id="",code="",rawStart="",rawEnd="",rawStart=rawEnd),"",IF(overlapDays>0,code,""))) | K16: =LET(id,$A16,code,UPPER(TRIM($D16)),rawStart,$F16,rawEnd,$G16,startDT,IF(INT(rawStart)>0,rawStart,$E$2+MOD(rawStart,1)),endBase,IF(INT(rawEnd)>0,rawEnd,$E$2+MOD(rawEnd,1)),endDT,IF(endBase<=startDT,endBase+1,endBase),intervalStart,$E$2+K$1,intervalEnd,intervalStart+TIME(0,30,0),overlapDays,MAX(0,MIN(endDT,intervalEnd)-MAX(startDT,intervalStart)),IF(OR(id="",code="",rawStart="",rawEnd="",rawStart=rawEnd),"",IF(overlapDays>0,code,""))) | L16: =LET(id,$A16,code,UPPER(TRIM($D16)),rawStart,$F16,rawEnd,$G16,startDT,IF(INT(rawStart)>0,rawStart,$E$2+MOD(rawStart,1)),endBase,IF(INT(rawEnd)>0,rawEnd,$E$2+MOD(rawEnd,1)),endDT,IF(endBase<=startDT,endBase+1,endBase),intervalStart,$E$2+L$1,intervalEnd,intervalStart+TIME(0,30,0),overlapDays,MAX(0,MIN(endDT,intervalEnd)-MAX(startDT,intervalStart)),IF(OR(id="",code="",rawStart="",rawEnd="",rawStart=rawEnd),"",IF(overlapDays>0,code,""))) | M16: =LET(id,$A16,code,UPPER(TRIM($D16)),rawStart,$F16,rawEnd,$G16,startDT,IF(INT(rawStart)>0,rawStart,$E$2+MOD(rawStart,1)),endBase,IF(INT(rawEnd)>0,rawEnd,$E$2+MOD(rawEnd,1)),endDT,IF(endBase<=startDT,endBase+1,endBase),intervalStart,$E$2+M$1,intervalEnd,intervalStart+TIME(0,30,0),overlapDays,MAX(0,MIN(endDT,intervalEnd)-MAX(startDT,intervalStart)),IF(OR(id="",code="",rawStart="",rawEnd="",rawStart=rawEnd),"",IF(overlapDays>0,code,""))) | N16: =LET(id,$A16,code,UPPER(TRIM($D16)),rawStart,$F16,rawEnd,$G16,startDT,IF(INT(rawStart)>0,rawStart,$E$2+MOD(rawStart,1)),endBase,IF(INT(rawEnd)>0,rawEnd,$E$2+MOD(rawEnd,1)),endDT,IF(endBase<=startDT,endBase+1,endBase),intervalStart,$E$2+N$1,intervalEnd,intervalStart+TIME(0,30,0),overlapDays,MAX(0,MIN(endDT,intervalEnd)-MAX(startDT,intervalStart)),IF(OR(id="",code="",rawStart="",rawEnd="",rawStart=rawEnd),"",IF(overlapDays>0,code,""))) | O16: =LET(id,$A16,code,UPPER(TRIM($D16)),rawStart,$F16,rawEnd,$G16,startDT,IF(INT(rawStart)>0,rawStart,$E$2+MOD(rawStart,1)),endBase,IF(INT(rawEnd)>0,rawEnd,$E$2+MOD(rawEnd,1)),endDT,IF(endBase<=startDT,endBase+1,endBase),intervalStart,$E$2+O$1,intervalEnd,intervalStart+TIME(0,30,0),overlapDays,MAX(0,MIN(endDT,intervalEnd)-MAX(startDT,intervalStart)),IF(OR(id="",code="",rawStart="",rawEnd="",rawStart=rawEnd),"",IF(overlapDays>0,code,""))) | ... BC16: =LET(id,$A16,code,UPPER(TRIM($D16)),rawStart,$F16,rawEnd,$G16,startDT,IF(INT(rawStart)>0,rawStart,$E$2+MOD(rawStart,1)),endBase,IF(INT(rawEnd)>0,rawEnd,$E$2+MOD(rawEnd,1)),endDT,IF(endBase<=startDT,endBase+1,endBase),intervalStart,$E$2+BC$1,intervalEnd,intervalStart+TIME(0,30,0),overlapDays,MAX(0,MIN(endDT,intervalEnd)-MAX(startDT,intervalStart)),IF(OR(id="",code="",rawStart="",rawEnd="",rawStart=rawEnd),"",IF(overlapDays>0,code,"")))
H17: =LET(id,$A17,code,UPPER(TRIM($D17)),rawStart,$F17,rawEnd,$G17,startDT,IF(INT(rawStart)>0,rawStart,$E$2+MOD(rawStart,1)),endBase,IF(INT(rawEnd)>0,rawEnd,$E$2+MOD(rawEnd,1)),endDT,IF(endBase<=startDT,endBase+1,endBase),intervalStart,$E$2+H$1,intervalEnd,intervalStart+TIME(0,30,0),overlapDays,MAX(0,MIN(endDT,intervalEnd)-MAX(startDT,intervalStart)),IF(OR(id="",code="",rawStart="",rawEnd="",rawStart=rawEnd),"",IF(overlapDays>0,code,""))) | I17: =LET(id,$A17,code,UPPER(TRIM($D17)),rawStart,$F17,rawEnd,$G17,startDT,IF(INT(rawStart)>0,rawStart,$E$2+MOD(rawStart,1)),endBase,IF(INT(rawEnd)>0,rawEnd,$E$2+MOD(rawEnd,1)),endDT,IF(endBase<=startDT,endBase+1,endBase),intervalStart,$E$2+I$1,intervalEnd,intervalStart+TIME(0,30,0),overlapDays,MAX(0,MIN(endDT,intervalEnd)-MAX(startDT,intervalStart)),IF(OR(id="",code="",rawStart="",rawEnd="",rawStart=rawEnd),"",IF(overlapDays>0,code,""))) | J17: =LET(id,$A17,code,UPPER(TRIM($D17)),rawStart,$F17,rawEnd,$G17,startDT,IF(INT(rawStart)>0,rawStart,$E$2+MOD(rawStart,1)),endBase,IF(INT(rawEnd)>0,rawEnd,$E$2+MOD(rawEnd,1)),endDT,IF(endBase<=startDT,endBase+1,endBase),intervalStart,$E$2+J$1,intervalEnd,intervalStart+TIME(0,30,0),overlapDays,MAX(0,MIN(endDT,intervalEnd)-MAX(startDT,intervalStart)),IF(OR(id="",code="",rawStart="",rawEnd="",rawStart=rawEnd),"",IF(overlapDays>0,code,""))) | K17: =LET(id,$A17,code,UPPER(TRIM($D17)),rawStart,$F17,rawEnd,$G17,startDT,IF(INT(rawStart)>0,rawStart,$E$2+MOD(rawStart,1)),endBase,IF(INT(rawEnd)>0,rawEnd,$E$2+MOD(rawEnd,1)),endDT,IF(endBase<=startDT,endBase+1,endBase),intervalStart,$E$2+K$1,intervalEnd,intervalStart+TIME(0,30,0),overlapDays,MAX(0,MIN(endDT,intervalEnd)-MAX(startDT,intervalStart)),IF(OR(id="",code="",rawStart="",rawEnd="",rawStart=rawEnd),"",IF(overlapDays>0,code,""))) | L17: =LET(id,$A17,code,UPPER(TRIM($D17)),rawStart,$F17,rawEnd,$G17,startDT,IF(INT(rawStart)>0,rawStart,$E$2+MOD(rawStart,1)),endBase,IF(INT(rawEnd)>0,rawEnd,$E$2+MOD(rawEnd,1)),endDT,IF(endBase<=startDT,endBase+1,endBase),intervalStart,$E$2+L$1,intervalEnd,intervalStart+TIME(0,30,0),overlapDays,MAX(0,MIN(endDT,intervalEnd)-MAX(startDT,intervalStart)),IF(OR(id="",code="",rawStart="",rawEnd="",rawStart=rawEnd),"",IF(overlapDays>0,code,""))) | M17: =LET(id,$A17,code,UPPER(TRIM($D17)),rawStart,$F17,rawEnd,$G17,startDT,IF(INT(rawStart)>0,rawStart,$E$2+MOD(rawStart,1)),endBase,IF(INT(rawEnd)>0,rawEnd,$E$2+MOD(rawEnd,1)),endDT,IF(endBase<=startDT,endBase+1,endBase),intervalStart,$E$2+M$1,intervalEnd,intervalStart+TIME(0,30,0),overlapDays,MAX(0,MIN(endDT,intervalEnd)-MAX(startDT,intervalStart)),IF(OR(id="",code="",rawStart="",rawEnd="",rawStart=rawEnd),"",IF(overlapDays>0,code,""))) | N17: =LET(id,$A17,code,UPPER(TRIM($D17)),rawStart,$F17,rawEnd,$G17,startDT,IF(INT(rawStart)>0,rawStart,$E$2+MOD(rawStart,1)),endBase,IF(INT(rawEnd)>0,rawEnd,$E$2+MOD(rawEnd,1)),endDT,IF(endBase<=startDT,endBase+1,endBase),intervalStart,$E$2+N$1,intervalEnd,intervalStart+TIME(0,30,0),overlapDays,MAX(0,MIN(endDT,intervalEnd)-MAX(startDT,intervalStart)),IF(OR(id="",code="",rawStart="",rawEnd="",rawStart=rawEnd),"",IF(overlapDays>0,code,""))) | O17: =LET(id,$A17,code,UPPER(TRIM($D17)),rawStart,$F17,rawEnd,$G17,startDT,IF(INT(rawStart)>0,rawStart,$E$2+MOD(rawStart,1)),endBase,IF(INT(rawEnd)>0,rawEnd,$E$2+MOD(rawEnd,1)),endDT,IF(endBase<=startDT,endBase+1,endBase),intervalStart,$E$2+O$1,intervalEnd,intervalStart+TIME(0,30,0),overlapDays,MAX(0,MIN(endDT,intervalEnd)-MAX(startDT,intervalStart)),IF(OR(id="",code="",rawStart="",rawEnd="",rawStart=rawEnd),"",IF(overlapDays>0,code,""))) | ... BC17: =LET(id,$A17,code,UPPER(TRIM($D17)),rawStart,$F17,rawEnd,$G17,startDT,IF(INT(rawStart)>0,rawStart,$E$2+MOD(rawStart,1)),endBase,IF(INT(rawEnd)>0,rawEnd,$E$2+MOD(rawEnd,1)),endDT,IF(endBase<=startDT,endBase+1,endBase),intervalStart,$E$2+BC$1,intervalEnd,intervalStart+TIME(0,30,0),overlapDays,MAX(0,MIN(endDT,intervalEnd)-MAX(startDT,intervalStart)),IF(OR(id="",code="",rawStart="",rawEnd="",rawStart=rawEnd),"",IF(overlapDays>0,code,"")))
H18: =LET(id,$A18,code,UPPER(TRIM($D18)),rawStart,$F18,rawEnd,$G18,startDT,IF(INT(rawStart)>0,rawStart,$E$2+MOD(rawStart,1)),endBase,IF(INT(rawEnd)>0,rawEnd,$E$2+MOD(rawEnd,1)),endDT,IF(endBase<=startDT,endBase+1,endBase),intervalStart,$E$2+H$1,intervalEnd,intervalStart+TIME(0,30,0),overlapDays,MAX(0,MIN(endDT,intervalEnd)-MAX(startDT,intervalStart)),IF(OR(id="",code="",rawStart="",rawEnd="",rawStart=rawEnd),"",IF(overlapDays>0,code,""))) | I18: =LET(id,$A18,code,UPPER(TRIM($D18)),rawStart,$F18,rawEnd,$G18,startDT,IF(INT(rawStart)>0,rawStart,$E$2+MOD(rawStart,1)),endBase,IF(INT(rawEnd)>0,rawEnd,$E$2+MOD(rawEnd,1)),endDT,IF(endBase<=startDT,endBase+1,endBase),intervalStart,$E$2+I$1,intervalEnd,intervalStart+TIME(0,30,0),overlapDays,MAX(0,MIN(endDT,intervalEnd)-MAX(startDT,intervalStart)),IF(OR(id="",code="",rawStart="",rawEnd="",rawStart=rawEnd),"",IF(overlapDays>0,code,""))) | J18: =LET(id,$A18,code,UPPER(TRIM($D18)),rawStart,$F18,rawEnd,$G18,startDT,IF(INT(rawStart)>0,rawStart,$E$2+MOD(rawStart,1)),endBase,IF(INT(rawEnd)>0,rawEnd,$E$2+MOD(rawEnd,1)),endDT,IF(endBase<=startDT,endBase+1,endBase),intervalStart,$E$2+J$1,intervalEnd,intervalStart+TIME(0,30,0),overlapDays,MAX(0,MIN(endDT,intervalEnd)-MAX(startDT,intervalStart)),IF(OR(id="",code="",rawStart="",rawEnd="",rawStart=rawEnd),"",IF(overlapDays>0,code,""))) | K18: =LET(id,$A18,code,UPPER(TRIM($D18)),rawStart,$F18,rawEnd,$G18,startDT,IF(INT(rawStart)>0,rawStart,$E$2+MOD(rawStart,1)),endBase,IF(INT(rawEnd)>0,rawEnd,$E$2+MOD(rawEnd,1)),endDT,IF(endBase<=startDT,endBase+1,endBase),intervalStart,$E$2+K$1,intervalEnd,intervalStart+TIME(0,30,0),overlapDays,MAX(0,MIN(endDT,intervalEnd)-MAX(startDT,intervalStart)),IF(OR(id="",code="",rawStart="",rawEnd="",rawStart=rawEnd),"",IF(overlapDays>0,code,""))) | L18: =LET(id,$A18,code,UPPER(TRIM($D18)),rawStart,$F18,rawEnd,$G18,startDT,IF(INT(rawStart)>0,rawStart,$E$2+MOD(rawStart,1)),endBase,IF(INT(rawEnd)>0,rawEnd,$E$2+MOD(rawEnd,1)),endDT,IF(endBase<=startDT,endBase+1,endBase),intervalStart,$E$2+L$1,intervalEnd,intervalStart+TIME(0,30,0),overlapDays,MAX(0,MIN(endDT,intervalEnd)-MAX(startDT,intervalStart)),IF(OR(id="",code="",rawStart="",rawEnd="",rawStart=rawEnd),"",IF(overlapDays>0,code,""))) | M18: =LET(id,$A18,code,UPPER(TRIM($D18)),rawStart,$F18,rawEnd,$G18,startDT,IF(INT(rawStart)>0,rawStart,$E$2+MOD(rawStart,1)),endBase,IF(INT(rawEnd)>0,rawEnd,$E$2+MOD(rawEnd,1)),endDT,IF(endBase<=startDT,endBase+1,endBase),intervalStart,$E$2+M$1,intervalEnd,intervalStart+TIME(0,30,0),overlapDays,MAX(0,MIN(endDT,intervalEnd)-MAX(startDT,intervalStart)),IF(OR(id="",code="",rawStart="",rawEnd="",rawStart=rawEnd),"",IF(overlapDays>0,code,""))) | N18: =LET(id,$A18,code,UPPER(TRIM($D18)),rawStart,$F18,rawEnd,$G18,startDT,IF(INT(rawStart)>0,rawStart,$E$2+MOD(rawStart,1)),endBase,IF(INT(rawEnd)>0,rawEnd,$E$2+MOD(rawEnd,1)),endDT,IF(endBase<=startDT,endBase+1,endBase),intervalStart,$E$2+N$1,intervalEnd,intervalStart+TIME(0,30,0),overlapDays,MAX(0,MIN(endDT,intervalEnd)-MAX(startDT,intervalStart)),IF(OR(id="",code="",rawStart="",rawEnd="",rawStart=rawEnd),"",IF(overlapDays>0,code,""))) | O18: =LET(id,$A18,code,UPPER(TRIM($D18)),rawStart,$F18,rawEnd,$G18,startDT,IF(INT(rawStart)>0,rawStart,$E$2+MOD(rawStart,1)),endBase,IF(INT(rawEnd)>0,rawEnd,$E$2+MOD(rawEnd,1)),endDT,IF(endBase<=startDT,endBase+1,endBase),intervalStart,$E$2+O$1,intervalEnd,intervalStart+TIME(0,30,0),overlapDays,MAX(0,MIN(endDT,intervalEnd)-MAX(startDT,intervalStart)),IF(OR(id="",code="",rawStart="",rawEnd="",rawStart=rawEnd),"",IF(overlapDays>0,code,""))) | ... BC18: =LET(id,$A18,code,UPPER(TRIM($D18)),rawStart,$F18,rawEnd,$G18,startDT,IF(INT(rawStart)>0,rawStart,$E$2+MOD(rawStart,1)),endBase,IF(INT(rawEnd)>0,rawEnd,$E$2+MOD(rawEnd,1)),endDT,IF(endBase<=startDT,endBase+1,endBase),intervalStart,$E$2+BC$1,intervalEnd,intervalStart+TIME(0,30,0),overlapDays,MAX(0,MIN(endDT,intervalEnd)-MAX(startDT,intervalStart)),IF(OR(id="",code="",rawStart="",rawEnd="",rawStart=rawEnd),"",IF(overlapDays>0,code,"")))
H19: =LET(id,$A19,code,UPPER(TRIM($D19)),rawStart,$F19,rawEnd,$G19,startDT,IF(INT(rawStart)>0,rawStart,$E$2+MOD(rawStart,1)),endBase,IF(INT(rawEnd)>0,rawEnd,$E$2+MOD(rawEnd,1)),endDT,IF(endBase<=startDT,endBase+1,endBase),intervalStart,$E$2+H$1,intervalEnd,intervalStart+TIME(0,30,0),overlapDays,MAX(0,MIN(endDT,intervalEnd)-MAX(startDT,intervalStart)),IF(OR(id="",code="",rawStart="",rawEnd="",rawStart=rawEnd),"",IF(overlapDays>0,code,""))) | I19: =LET(id,$A19,code,UPPER(TRIM($D19)),rawStart,$F19,rawEnd,$G19,startDT,IF(INT(rawStart)>0,rawStart,$E$2+MOD(rawStart,1)),endBase,IF(INT(rawEnd)>0,rawEnd,$E$2+MOD(rawEnd,1)),endDT,IF(endBase<=startDT,endBase+1,endBase),intervalStart,$E$2+I$1,intervalEnd,intervalStart+TIME(0,30,0),overlapDays,MAX(0,MIN(endDT,intervalEnd)-MAX(startDT,intervalStart)),IF(OR(id="",code="",rawStart="",rawEnd="",rawStart=rawEnd),"",IF(overlapDays>0,code,""))) | J19: =LET(id,$A19,code,UPPER(TRIM($D19)),rawStart,$F19,rawEnd,$G19,startDT,IF(INT(rawStart)>0,rawStart,$E$2+MOD(rawStart,1)),endBase,IF(INT(rawEnd)>0,rawEnd,$E$2+MOD(rawEnd,1)),endDT,IF(endBase<=startDT,endBase+1,endBase),intervalStart,$E$2+J$1,intervalEnd,intervalStart+TIME(0,30,0),overlapDays,MAX(0,MIN(endDT,intervalEnd)-MAX(startDT,intervalStart)),IF(OR(id="",code="",rawStart="",rawEnd="",rawStart=rawEnd),"",IF(overlapDays>0,code,""))) | K19: =LET(id,$A19,code,UPPER(TRIM($D19)),rawStart,$F19,rawEnd,$G19,startDT,IF(INT(rawStart)>0,rawStart,$E$2+MOD(rawStart,1)),endBase,IF(INT(rawEnd)>0,rawEnd,$E$2+MOD(rawEnd,1)),endDT,IF(endBase<=startDT,endBase+1,endBase),intervalStart,$E$2+K$1,intervalEnd,intervalStart+TIME(0,30,0),overlapDays,MAX(0,MIN(endDT,intervalEnd)-MAX(startDT,intervalStart)),IF(OR(id="",code="",rawStart="",rawEnd="",rawStart=rawEnd),"",IF(overlapDays>0,code,""))) | L19: =LET(id,$A19,code,UPPER(TRIM($D19)),rawStart,$F19,rawEnd,$G19,startDT,IF(INT(rawStart)>0,rawStart,$E$2+MOD(rawStart,1)),endBase,IF(INT(rawEnd)>0,rawEnd,$E$2+MOD(rawEnd,1)),endDT,IF(endBase<=startDT,endBase+1,endBase),intervalStart,$E$2+L$1,intervalEnd,intervalStart+TIME(0,30,0),overlapDays,MAX(0,MIN(endDT,intervalEnd)-MAX(startDT,intervalStart)),IF(OR(id="",code="",rawStart="",rawEnd="",rawStart=rawEnd),"",IF(overlapDays>0,code,""))) | M19: =LET(id,$A19,code,UPPER(TRIM($D19)),rawStart,$F19,rawEnd,$G19,startDT,IF(INT(rawStart)>0,rawStart,$E$2+MOD(rawStart,1)),endBase,IF(INT(rawEnd)>0,rawEnd,$E$2+MOD(rawEnd,1)),endDT,IF(endBase<=startDT,endBase+1,endBase),intervalStart,$E$2+M$1,intervalEnd,intervalStart+TIME(0,30,0),overlapDays,MAX(0,MIN(endDT,intervalEnd)-MAX(startDT,intervalStart)),IF(OR(id="",code="",rawStart="",rawEnd="",rawStart=rawEnd),"",IF(overlapDays>0,code,""))) | N19: =LET(id,$A19,code,UPPER(TRIM($D19)),rawStart,$F19,rawEnd,$G19,startDT,IF(INT(rawStart)>0,rawStart,$E$2+MOD(rawStart,1)),endBase,IF(INT(rawEnd)>0,rawEnd,$E$2+MOD(rawEnd,1)),endDT,IF(endBase<=startDT,endBase+1,endBase),intervalStart,$E$2+N$1,intervalEnd,intervalStart+TIME(0,30,0),overlapDays,MAX(0,MIN(endDT,intervalEnd)-MAX(startDT,intervalStart)),IF(OR(id="",code="",rawStart="",rawEnd="",rawStart=rawEnd),"",IF(overlapDays>0,code,""))) | O19: =LET(id,$A19,code,UPPER(TRIM($D19)),rawStart,$F19,rawEnd,$G19,startDT,IF(INT(rawStart)>0,rawStart,$E$2+MOD(rawStart,1)),endBase,IF(INT(rawEnd)>0,rawEnd,$E$2+MOD(rawEnd,1)),endDT,IF(endBase<=startDT,endBase+1,endBase),intervalStart,$E$2+O$1,intervalEnd,intervalStart+TIME(0,30,0),overlapDays,MAX(0,MIN(endDT,intervalEnd)-MAX(startDT,intervalStart)),IF(OR(id="",code="",rawStart="",rawEnd="",rawStart=rawEnd),"",IF(overlapDays>0,code,""))) | ... BC19: =LET(id,$A19,code,UPPER(TRIM($D19)),rawStart,$F19,rawEnd,$G19,startDT,IF(INT(rawStart)>0,rawStart,$E$2+MOD(rawStart,1)),endBase,IF(INT(rawEnd)>0,rawEnd,$E$2+MOD(rawEnd,1)),endDT,IF(endBase<=startDT,endBase+1,endBase),intervalStart,$E$2+BC$1,intervalEnd,intervalStart+TIME(0,30,0),overlapDays,MAX(0,MIN(endDT,intervalEnd)-MAX(startDT,intervalStart)),IF(OR(id="",code="",rawStart="",rawEnd="",rawStart=rawEnd),"",IF(overlapDays>0,code,"")))
H20: =LET(id,$A20,code,UPPER(TRIM($D20)),rawStart,$F20,rawEnd,$G20,startDT,IF(INT(rawStart)>0,rawStart,$E$2+MOD(rawStart,1)),endBase,IF(INT(rawEnd)>0,rawEnd,$E$2+MOD(rawEnd,1)),endDT,IF(endBase<=startDT,endBase+1,endBase),intervalStart,$E$2+H$1,intervalEnd,intervalStart+TIME(0,30,0),overlapDays,MAX(0,MIN(endDT,intervalEnd)-MAX(startDT,intervalStart)),IF(OR(id="",code="",rawStart="",rawEnd="",rawStart=rawEnd),"",IF(overlapDays>0,code,""))) | I20: =LET(id,$A20,code,UPPER(TRIM($D20)),rawStart,$F20,rawEnd,$G20,startDT,IF(INT(rawStart)>0,rawStart,$E$2+MOD(rawStart,1)),endBase,IF(INT(rawEnd)>0,rawEnd,$E$2+MOD(rawEnd,1)),endDT,IF(endBase<=startDT,endBase+1,endBase),intervalStart,$E$2+I$1,intervalEnd,intervalStart+TIME(0,30,0),overlapDays,MAX(0,MIN(endDT,intervalEnd)-MAX(startDT,intervalStart)),IF(OR(id="",code="",rawStart="",rawEnd="",rawStart=rawEnd),"",IF(overlapDays>0,code,""))) | J20: =LET(id,$A20,code,UPPER(TRIM($D20)),rawStart,$F20,rawEnd,$G20,startDT,IF(INT(rawStart)>0,rawStart,$E$2+MOD(rawStart,1)),endBase,IF(INT(rawEnd)>0,rawEnd,$E$2+MOD(rawEnd,1)),endDT,IF(endBase<=startDT,endBase+1,endBase),intervalStart,$E$2+J$1,intervalEnd,intervalStart+TIME(0,30,0),overlapDays,MAX(0,MIN(endDT,intervalEnd)-MAX(startDT,intervalStart)),IF(OR(id="",code="",rawStart="",rawEnd="",rawStart=rawEnd),"",IF(overlapDays>0,code,""))) | K20: =LET(id,$A20,code,UPPER(TRIM($D20)),rawStart,$F20,rawEnd,$G20,startDT,IF(INT(rawStart)>0,rawStart,$E$2+MOD(rawStart,1)),endBase,IF(INT(rawEnd)>0,rawEnd,$E$2+MOD(rawEnd,1)),endDT,IF(endBase<=startDT,endBase+1,endBase),intervalStart,$E$2+K$1,intervalEnd,intervalStart+TIME(0,30,0),overlapDays,MAX(0,MIN(endDT,intervalEnd)-MAX(startDT,intervalStart)),IF(OR(id="",code="",rawStart="",rawEnd="",rawStart=rawEnd),"",IF(overlapDays>0,code,""))) | L20: =LET(id,$A20,code,UPPER(TRIM($D20)),rawStart,$F20,rawEnd,$G20,startDT,IF(INT(rawStart)>0,rawStart,$E$2+MOD(rawStart,1)),endBase,IF(INT(rawEnd)>0,rawEnd,$E$2+MOD(rawEnd,1)),endDT,IF(endBase<=startDT,endBase+1,endBase),intervalStart,$E$2+L$1,intervalEnd,intervalStart+TIME(0,30,0),overlapDays,MAX(0,MIN(endDT,intervalEnd)-MAX(startDT,intervalStart)),IF(OR(id="",code="",rawStart="",rawEnd="",rawStart=rawEnd),"",IF(overlapDays>0,code,""))) | M20: =LET(id,$A20,code,UPPER(TRIM($D20)),rawStart,$F20,rawEnd,$G20,startDT,IF(INT(rawStart)>0,rawStart,$E$2+MOD(rawStart,1)),endBase,IF(INT(rawEnd)>0,rawEnd,$E$2+MOD(rawEnd,1)),endDT,IF(endBase<=startDT,endBase+1,endBase),intervalStart,$E$2+M$1,intervalEnd,intervalStart+TIME(0,30,0),overlapDays,MAX(0,MIN(endDT,intervalEnd)-MAX(startDT,intervalStart)),IF(OR(id="",code="",rawStart="",rawEnd="",rawStart=rawEnd),"",IF(overlapDays>0,code,""))) | N20: =LET(id,$A20,code,UPPER(TRIM($D20)),rawStart,$F20,rawEnd,$G20,startDT,IF(INT(rawStart)>0,rawStart,$E$2+MOD(rawStart,1)),endBase,IF(INT(rawEnd)>0,rawEnd,$E$2+MOD(rawEnd,1)),endDT,IF(endBase<=startDT,endBase+1,endBase),intervalStart,$E$2+N$1,intervalEnd,intervalStart+TIME(0,30,0),overlapDays,MAX(0,MIN(endDT,intervalEnd)-MAX(startDT,intervalStart)),IF(OR(id="",code="",rawStart="",rawEnd="",rawStart=rawEnd),"",IF(overlapDays>0,code,""))) | O20: =LET(id,$A20,code,UPPER(TRIM($D20)),rawStart,$F20,rawEnd,$G20,startDT,IF(INT(rawStart)>0,rawStart,$E$2+MOD(rawStart,1)),endBase,IF(INT(rawEnd)>0,rawEnd,$E$2+MOD(rawEnd,1)),endDT,IF(endBase<=startDT,endBase+1,endBase),intervalStart,$E$2+O$1,intervalEnd,intervalStart+TIME(0,30,0),overlapDays,MAX(0,MIN(endDT,intervalEnd)-MAX(startDT,intervalStart)),IF(OR(id="",code="",rawStart="",rawEnd="",rawStart=rawEnd),"",IF(overlapDays>0,code,""))) | ... BC20: =LET(id,$A20,code,UPPER(TRIM($D20)),rawStart,$F20,rawEnd,$G20,startDT,IF(INT(rawStart)>0,rawStart,$E$2+MOD(rawStart,1)),endBase,IF(INT(rawEnd)>0,rawEnd,$E$2+MOD(rawEnd,1)),endDT,IF(endBase<=startDT,endBase+1,endBase),intervalStart,$E$2+BC$1,intervalEnd,intervalStart+TIME(0,30,0),overlapDays,MAX(0,MIN(endDT,intervalEnd)-MAX(startDT,intervalStart)),IF(OR(id="",code="",rawStart="",rawEnd="",rawStart=rawEnd),"",IF(overlapDays>0,code,"")))
H21: =LET(id,$A21,code,UPPER(TRIM($D21)),rawStart,$F21,rawEnd,$G21,startDT,IF(INT(rawStart)>0,rawStart,$E$2+MOD(rawStart,1)),endBase,IF(INT(rawEnd)>0,rawEnd,$E$2+MOD(rawEnd,1)),endDT,IF(endBase<=startDT,endBase+1,endBase),intervalStart,$E$2+H$1,intervalEnd,intervalStart+TIME(0,30,0),overlapDays,MAX(0,MIN(endDT,intervalEnd)-MAX(startDT,intervalStart)),IF(OR(id="",code="",rawStart="",rawEnd="",rawStart=rawEnd),"",IF(overlapDays>0,code,""))) | I21: =LET(id,$A21,code,UPPER(TRIM($D21)),rawStart,$F21,rawEnd,$G21,startDT,IF(INT(rawStart)>0,rawStart,$E$2+MOD(rawStart,1)),endBase,IF(INT(rawEnd)>0,rawEnd,$E$2+MOD(rawEnd,1)),endDT,IF(endBase<=startDT,endBase+1,endBase),intervalStart,$E$2+I$1,intervalEnd,intervalStart+TIME(0,30,0),overlapDays,MAX(0,MIN(endDT,intervalEnd)-MAX(startDT,intervalStart)),IF(OR(id="",code="",rawStart="",rawEnd="",rawStart=rawEnd),"",IF(overlapDays>0,code,""))) | J21: =LET(id,$A21,code,UPPER(TRIM($D21)),rawStart,$F21,rawEnd,$G21,startDT,IF(INT(rawStart)>0,rawStart,$E$2+MOD(rawStart,1)),endBase,IF(INT(rawEnd)>0,rawEnd,$E$2+MOD(rawEnd,1)),endDT,IF(endBase<=startDT,endBase+1,endBase),intervalStart,$E$2+J$1,intervalEnd,intervalStart+TIME(0,30,0),overlapDays,MAX(0,MIN(endDT,intervalEnd)-MAX(startDT,intervalStart)),IF(OR(id="",code="",rawStart="",rawEnd="",rawStart=rawEnd),"",IF(overlapDays>0,code,""))) | K21: =LET(id,$A21,code,UPPER(TRIM($D21)),rawStart,$F21,rawEnd,$G21,startDT,IF(INT(rawStart)>0,rawStart,$E$2+MOD(rawStart,1)),endBase,IF(INT(rawEnd)>0,rawEnd,$E$2+MOD(rawEnd,1)),endDT,IF(endBase<=startDT,endBase+1,endBase),intervalStart,$E$2+K$1,intervalEnd,intervalStart+TIME(0,30,0),overlapDays,MAX(0,MIN(endDT,intervalEnd)-MAX(startDT,intervalStart)),IF(OR(id="",code="",rawStart="",rawEnd="",rawStart=rawEnd),"",IF(overlapDays>0,code,""))) | L21: =LET(id,$A21,code,UPPER(TRIM($D21)),rawStart,$F21,rawEnd,$G21,startDT,IF(INT(rawStart)>0,rawStart,$E$2+MOD(rawStart,1)),endBase,IF(INT(rawEnd)>0,rawEnd,$E$2+MOD(rawEnd,1)),endDT,IF(endBase<=startDT,endBase+1,endBase),intervalStart,$E$2+L$1,intervalEnd,intervalStart+TIME(0,30,0),overlapDays,MAX(0,MIN(endDT,intervalEnd)-MAX(startDT,intervalStart)),IF(OR(id="",code="",rawStart="",rawEnd="",rawStart=rawEnd),"",IF(overlapDays>0,code,""))) | M21: =LET(id,$A21,code,UPPER(TRIM($D21)),rawStart,$F21,rawEnd,$G21,startDT,IF(INT(rawStart)>0,rawStart,$E$2+MOD(rawStart,1)),endBase,IF(INT(rawEnd)>0,rawEnd,$E$2+MOD(rawEnd,1)),endDT,IF(endBase<=startDT,endBase+1,endBase),intervalStart,$E$2+M$1,intervalEnd,intervalStart+TIME(0,30,0),overlapDays,MAX(0,MIN(endDT,intervalEnd)-MAX(startDT,intervalStart)),IF(OR(id="",code="",rawStart="",rawEnd="",rawStart=rawEnd),"",IF(overlapDays>0,code,""))) | N21: =LET(id,$A21,code,UPPER(TRIM($D21)),rawStart,$F21,rawEnd,$G21,startDT,IF(INT(rawStart)>0,rawStart,$E$2+MOD(rawStart,1)),endBase,IF(INT(rawEnd)>0,rawEnd,$E$2+MOD(rawEnd,1)),endDT,IF(endBase<=startDT,endBase+1,endBase),intervalStart,$E$2+N$1,intervalEnd,intervalStart+TIME(0,30,0),overlapDays,MAX(0,MIN(endDT,intervalEnd)-MAX(startDT,intervalStart)),IF(OR(id="",code="",rawStart="",rawEnd="",rawStart=rawEnd),"",IF(overlapDays>0,code,""))) | O21: =LET(id,$A21,code,UPPER(TRIM($D21)),rawStart,$F21,rawEnd,$G21,startDT,IF(INT(rawStart)>0,rawStart,$E$2+MOD(rawStart,1)),endBase,IF(INT(rawEnd)>0,rawEnd,$E$2+MOD(rawEnd,1)),endDT,IF(endBase<=startDT,endBase+1,endBase),intervalStart,$E$2+O$1,intervalEnd,intervalStart+TIME(0,30,0),overlapDays,MAX(0,MIN(endDT,intervalEnd)-MAX(startDT,intervalStart)),IF(OR(id="",code="",rawStart="",rawEnd="",rawStart=rawEnd),"",IF(overlapDays>0,code,""))) | ... BC21: =LET(id,$A21,code,UPPER(TRIM($D21)),rawStart,$F21,rawEnd,$G21,startDT,IF(INT(rawStart)>0,rawStart,$E$2+MOD(rawStart,1)),endBase,IF(INT(rawEnd)>0,rawEnd,$E$2+MOD(rawEnd,1)),endDT,IF(endBase<=startDT,endBase+1,endBase),intervalStart,$E$2+BC$1,intervalEnd,intervalStart+TIME(0,30,0),overlapDays,MAX(0,MIN(endDT,intervalEnd)-MAX(startDT,intervalStart)),IF(OR(id="",code="",rawStart="",rawEnd="",rawStart=rawEnd),"",IF(overlapDays>0,code,"")))
H22: =LET(id,$A22,code,UPPER(TRIM($D22)),rawStart,$F22,rawEnd,$G22,startDT,IF(INT(rawStart)>0,rawStart,$E$2+MOD(rawStart,1)),endBase,IF(INT(rawEnd)>0,rawEnd,$E$2+MOD(rawEnd,1)),endDT,IF(endBase<=startDT,endBase+1,endBase),intervalStart,$E$2+H$1,intervalEnd,intervalStart+TIME(0,30,0),overlapDays,MAX(0,MIN(endDT,intervalEnd)-MAX(startDT,intervalStart)),IF(OR(id="",code="",rawStart="",rawEnd="",rawStart=rawEnd),"",IF(overlapDays>0,code,""))) | I22: =LET(id,$A22,code,UPPER(TRIM($D22)),rawStart,$F22,rawEnd,$G22,startDT,IF(INT(rawStart)>0,rawStart,$E$2+MOD(rawStart,1)),endBase,IF(INT(rawEnd)>0,rawEnd,$E$2+MOD(rawEnd,1)),endDT,IF(endBase<=startDT,endBase+1,endBase),intervalStart,$E$2+I$1,intervalEnd,intervalStart+TIME(0,30,0),overlapDays,MAX(0,MIN(endDT,intervalEnd)-MAX(startDT,intervalStart)),IF(OR(id="",code="",rawStart="",rawEnd="",rawStart=rawEnd),"",IF(overlapDays>0,code,""))) | J22: =LET(id,$A22,code,UPPER(TRIM($D22)),rawStart,$F22,rawEnd,$G22,startDT,IF(INT(rawStart)>0,rawStart,$E$2+MOD(rawStart,1)),endBase,IF(INT(rawEnd)>0,rawEnd,$E$2+MOD(rawEnd,1)),endDT,IF(endBase<=startDT,endBase+1,endBase),intervalStart,$E$2+J$1,intervalEnd,intervalStart+TIME(0,30,0),overlapDays,MAX(0,MIN(endDT,intervalEnd)-MAX(startDT,intervalStart)),IF(OR(id="",code="",rawStart="",rawEnd="",rawStart=rawEnd),"",IF(overlapDays>0,code,""))) | K22: =LET(id,$A22,code,UPPER(TRIM($D22)),rawStart,$F22,rawEnd,$G22,startDT,IF(INT(rawStart)>0,rawStart,$E$2+MOD(rawStart,1)),endBase,IF(INT(rawEnd)>0,rawEnd,$E$2+MOD(rawEnd,1)),endDT,IF(endBase<=startDT,endBase+1,endBase),intervalStart,$E$2+K$1,intervalEnd,intervalStart+TIME(0,30,0),overlapDays,MAX(0,MIN(endDT,intervalEnd)-MAX(startDT,intervalStart)),IF(OR(id="",code="",rawStart="",rawEnd="",rawStart=rawEnd),"",IF(overlapDays>0,code,""))) | L22: =LET(id,$A22,code,UPPER(TRIM($D22)),rawStart,$F22,rawEnd,$G22,startDT,IF(INT(rawStart)>0,rawStart,$E$2+MOD(rawStart,1)),endBase,IF(INT(rawEnd)>0,rawEnd,$E$2+MOD(rawEnd,1)),endDT,IF(endBase<=startDT,endBase+1,endBase),intervalStart,$E$2+L$1,intervalEnd,intervalStart+TIME(0,30,0),overlapDays,MAX(0,MIN(endDT,intervalEnd)-MAX(startDT,intervalStart)),IF(OR(id="",code="",rawStart="",rawEnd="",rawStart=rawEnd),"",IF(overlapDays>0,code,""))) | M22: =LET(id,$A22,code,UPPER(TRIM($D22)),rawStart,$F22,rawEnd,$G22,startDT,IF(INT(rawStart)>0,rawStart,$E$2+MOD(rawStart,1)),endBase,IF(INT(rawEnd)>0,rawEnd,$E$2+MOD(rawEnd,1)),endDT,IF(endBase<=startDT,endBase+1,endBase),intervalStart,$E$2+M$1,intervalEnd,intervalStart+TIME(0,30,0),overlapDays,MAX(0,MIN(endDT,intervalEnd)-MAX(startDT,intervalStart)),IF(OR(id="",code="",rawStart="",rawEnd="",rawStart=rawEnd),"",IF(overlapDays>0,code,""))) | N22: =LET(id,$A22,code,UPPER(TRIM($D22)),rawStart,$F22,rawEnd,$G22,startDT,IF(INT(rawStart)>0,rawStart,$E$2+MOD(rawStart,1)),endBase,IF(INT(rawEnd)>0,rawEnd,$E$2+MOD(rawEnd,1)),endDT,IF(endBase<=startDT,endBase+1,endBase),intervalStart,$E$2+N$1,intervalEnd,intervalStart+TIME(0,30,0),overlapDays,MAX(0,MIN(endDT,intervalEnd)-MAX(startDT,intervalStart)),IF(OR(id="",code="",rawStart="",rawEnd="",rawStart=rawEnd),"",IF(overlapDays>0,code,""))) | O22: =LET(id,$A22,code,UPPER(TRIM($D22)),rawStart,$F22,rawEnd,$G22,startDT,IF(INT(rawStart)>0,rawStart,$E$2+MOD(rawStart,1)),endBase,IF(INT(rawEnd)>0,rawEnd,$E$2+MOD(rawEnd,1)),endDT,IF(endBase<=startDT,endBase+1,endBase),intervalStart,$E$2+O$1,intervalEnd,intervalStart+TIME(0,30,0),overlapDays,MAX(0,MIN(endDT,intervalEnd)-MAX(startDT,intervalStart)),IF(OR(id="",code="",rawStart="",rawEnd="",rawStart=rawEnd),"",IF(overlapDays>0,code,""))) | ... BC22: =LET(id,$A22,code,UPPER(TRIM($D22)),rawStart,$F22,rawEnd,$G22,startDT,IF(INT(rawStart)>0,rawStart,$E$2+MOD(rawStart,1)),endBase,IF(INT(rawEnd)>0,rawEnd,$E$2+MOD(rawEnd,1)),endDT,IF(endBase<=startDT,endBase+1,endBase),intervalStart,$E$2+BC$1,intervalEnd,intervalStart+TIME(0,30,0),overlapDays,MAX(0,MIN(endDT,intervalEnd)-MAX(startDT,intervalStart)),IF(OR(id="",code="",rawStart="",rawEnd="",rawStart=rawEnd),"",IF(overlapDays>0,code,"")))
... H200: =LET(id,$A200,code,UPPER(TRIM($D200)),rawStart,$F200,rawEnd,$G200,startDT,IF(INT(rawStart)>0,rawStart,$E$2+MOD(rawStart,1)),endBase,IF(INT(rawEnd)>0,rawEnd,$E$2+MOD(rawEnd,1)),endDT,IF(endBase<=startDT,endBase+1,endBase),intervalStart,$E$2+H$1,intervalEnd,intervalStart+TIME(0,30,0),overlapDays,MAX(0,MIN(endDT,intervalEnd)-MAX(startDT,intervalStart)),IF(OR(id="",code="",rawStart="",rawEnd="",rawStart=rawEnd),"",IF(overlapDays>0,code,""))) | I200: =LET(id,$A200,code,UPPER(TRIM($D200)),rawStart,$F200,rawEnd,$G200,startDT,IF(INT(rawStart)>0,rawStart,$E$2+MOD(rawStart,1)),endBase,IF(INT(rawEnd)>0,rawEnd,$E$2+MOD(rawEnd,1)),endDT,IF(endBase<=startDT,endBase+1,endBase),intervalStart,$E$2+I$1,intervalEnd,intervalStart+TIME(0,30,0),overlapDays,MAX(0,MIN(endDT,intervalEnd)-MAX(startDT,intervalStart)),IF(OR(id="",code="",rawStart="",rawEnd="",rawStart=rawEnd),"",IF(overlapDays>0,code,""))) | J200: =LET(id,$A200,code,UPPER(TRIM($D200)),rawStart,$F200,rawEnd,$G200,startDT,IF(INT(rawStart)>0,rawStart,$E$2+MOD(rawStart,1)),endBase,IF(INT(rawEnd)>0,rawEnd,$E$2+MOD(rawEnd,1)),endDT,IF(endBase<=startDT,endBase+1,endBase),intervalStart,$E$2+J$1,intervalEnd,intervalStart+TIME(0,30,0),overlapDays,MAX(0,MIN(endDT,intervalEnd)-MAX(startDT,intervalStart)),IF(OR(id="",code="",rawStart="",rawEnd="",rawStart=rawEnd),"",IF(overlapDays>0,code,""))) | K200: =LET(id,$A200,code,UPPER(TRIM($D200)),rawStart,$F200,rawEnd,$G200,startDT,IF(INT(rawStart)>0,rawStart,$E$2+MOD(rawStart,1)),endBase,IF(INT(rawEnd)>0,rawEnd,$E$2+MOD(rawEnd,1)),endDT,IF(endBase<=startDT,endBase+1,endBase),intervalStart,$E$2+K$1,intervalEnd,intervalStart+TIME(0,30,0),overlapDays,MAX(0,MIN(endDT,intervalEnd)-MAX(startDT,intervalStart)),IF(OR(id="",code="",rawStart="",rawEnd="",rawStart=rawEnd),"",IF(overlapDays>0,code,""))) | L200: =LET(id,$A200,code,UPPER(TRIM($D200)),rawStart,$F200,rawEnd,$G200,startDT,IF(INT(rawStart)>0,rawStart,$E$2+MOD(rawStart,1)),endBase,IF(INT(rawEnd)>0,rawEnd,$E$2+MOD(rawEnd,1)),endDT,IF(endBase<=startDT,endBase+1,endBase),intervalStart,$E$2+L$1,intervalEnd,intervalStart+TIME(0,30,0),overlapDays,MAX(0,MIN(endDT,intervalEnd)-MAX(startDT,intervalStart)),IF(OR(id="",code="",rawStart="",rawEnd="",rawStart=rawEnd),"",IF(overlapDays>0,code,""))) | M200: =LET(id,$A200,code,UPPER(TRIM($D200)),rawStart,$F200,rawEnd,$G200,startDT,IF(INT(rawStart)>0,rawStart,$E$2+MOD(rawStart,1)),endBase,IF(INT(rawEnd)>0,rawEnd,$E$2+MOD(rawEnd,1)),endDT,IF(endBase<=startDT,endBase+1,endBase),intervalStart,$E$2+M$1,intervalEnd,intervalStart+TIME(0,30,0),overlapDays,MAX(0,MIN(endDT,intervalEnd)-MAX(startDT,intervalStart)),IF(OR(id="",code="",rawStart="",rawEnd="",rawStart=rawEnd),"",IF(overlapDays>0,code,""))) | N200: =LET(id,$A200,code,UPPER(TRIM($D200)),rawStart,$F200,rawEnd,$G200,startDT,IF(INT(rawStart)>0,rawStart,$E$2+MOD(rawStart,1)),endBase,IF(INT(rawEnd)>0,rawEnd,$E$2+MOD(rawEnd,1)),endDT,IF(endBase<=startDT,endBase+1,endBase),intervalStart,$E$2+N$1,intervalEnd,intervalStart+TIME(0,30,0),overlapDays,MAX(0,MIN(endDT,intervalEnd)-MAX(startDT,intervalStart)),IF(OR(id="",code="",rawStart="",rawEnd="",rawStart=rawEnd),"",IF(overlapDays>0,code,""))) | O200: =LET(id,$A200,code,UPPER(TRIM($D200)),rawStart,$F200,rawEnd,$G200,startDT,IF(INT(rawStart)>0,rawStart,$E$2+MOD(rawStart,1)),endBase,IF(INT(rawEnd)>0,rawEnd,$E$2+MOD(rawEnd,1)),endDT,IF(endBase<=startDT,endBase+1,endBase),intervalStart,$E$2+O$1,intervalEnd,intervalStart+TIME(0,30,0),overlapDays,MAX(0,MIN(endDT,intervalEnd)-MAX(startDT,intervalStart)),IF(OR(id="",code="",rawStart="",rawEnd="",rawStart=rawEnd),"",IF(overlapDays>0,code,""))) | ... BC200: =LET(id,$A200,code,UPPER(TRIM($D200)),rawStart,$F200,rawEnd,$G200,startDT,IF(INT(rawStart)>0,rawStart,$E$2+MOD(rawStart,1)),endBase,IF(INT(rawEnd)>0,rawEnd,$E$2+MOD(rawEnd,1)),endDT,IF(endBase<=startDT,endBase+1,endBase),intervalStart,$E$2+BC$1,intervalEnd,intervalStart+TIME(0,30,0),overlapDays,MAX(0,MIN(endDT,intervalEnd)-MAX(startDT,intervalStart)),IF(OR(id="",code="",rawStart="",rawEnd="",rawStart=rawEnd),"",IF(overlapDays>0,code,"")))
G202: Scheduled Productive | H202: =SUM(Calc_Engine!H$8:H$200) | I202: =SUM(Calc_Engine!I$8:I$200) | J202: =SUM(Calc_Engine!J$8:J$200) | K202: =SUM(Calc_Engine!K$8:K$200) | L202: =SUM(Calc_Engine!L$8:L$200) | M202: =SUM(Calc_Engine!M$8:M$200) | N202: =SUM(Calc_Engine!N$8:N$200) | O202: =SUM(Calc_Engine!O$8:O$200) | ... BC202: =SUM(Calc_Engine!BC$8:BC$200)
G203: Required | H203: =IFNA(SUMIFS(tblRequirements[RequiredHeadcount],tblRequirements[OperationalDate],$E$2,tblRequirements[IntervalStart],H$1),"") | I203: =IFNA(SUMIFS(tblRequirements[RequiredHeadcount],tblRequirements[OperationalDate],$E$2,tblRequirements[IntervalStart],I$1),"") | J203: =IFNA(SUMIFS(tblRequirements[RequiredHeadcount],tblRequirements[OperationalDate],$E$2,tblRequirements[IntervalStart],J$1),"") | K203: =IFNA(SUMIFS(tblRequirements[RequiredHeadcount],tblRequirements[OperationalDate],$E$2,tblRequirements[IntervalStart],K$1),"") | L203: =IFNA(SUMIFS(tblRequirements[RequiredHeadcount],tblRequirements[OperationalDate],$E$2,tblRequirements[IntervalStart],L$1),"") | M203: =IFNA(SUMIFS(tblRequirements[RequiredHeadcount],tblRequirements[OperationalDate],$E$2,tblRequirements[IntervalStart],M$1),"") | N203: =IFNA(SUMIFS(tblRequirements[RequiredHeadcount],tblRequirements[OperationalDate],$E$2,tblRequirements[IntervalStart],N$1),"") | O203: =IFNA(SUMIFS(tblRequirements[RequiredHeadcount],tblRequirements[OperationalDate],$E$2,tblRequirements[IntervalStart],O$1),"") | ... BC203: =IFNA(SUMIFS(tblRequirements[RequiredHeadcount],tblRequirements[OperationalDate],$E$2,tblRequirements[IntervalStart],BC$1),"")
G204: Over/Under | H204: =IF(H$203="","MissingRequirement",H$202-H$203) | I204: =IF(I$203="","MissingRequirement",I$202-I$203) | J204: =IF(J$203="","MissingRequirement",J$202-J$203) | K204: =IF(K$203="","MissingRequirement",K$202-K$203) | L204: =IF(L$203="","MissingRequirement",L$202-L$203) | M204: =IF(M$203="","MissingRequirement",M$202-M$203) | N204: =IF(N$203="","MissingRequirement",N$202-N$203) | O204: =IF(O$203="","MissingRequirement",O$202-O$203) | ... BC204: =IF(BC$203="","MissingRequirement",BC$202-BC$203)

Sheet Summary_Dashboard

Sheet TestCases
A1: TestID | B1: Scenario | C1: Input | D1: Expected | E1: Actual | F1: Pass | G1: Requirement | H1: Notes
A2: TC-001 | B2: Same-day shift | C2: 09:00-17:00 OWD | D2: Full overlap intervals count | G2: TEST-01 | H2: Placeholder for workbook formula test
A3: TC-002 | B3: Overnight shift | C3: 22:00-06:00 OWD | D3: Crosses midnight correctly | G3: TEST-02 | H3: Uses datetime windows
A4: TC-003 | B4: Boundary overlap | C4: 08:15 start | D4: 08:00 interval = 0.5 | G4: TEST-03 | H4: Matches Python test contract
A5: TC-004 | B5: OWD staffed | C5: OWD | D5: Counts as staffed | G5: TEST-04 | H5: Lookup driven
A6: TC-005 | B6: Break unstaffed | C6: Brk/Lch/Mt/Trn | D6: Displays but counts zero | G6: TEST-05 | H6: Lookup driven
A7: TC-006 | B7: Missing and variance states | C7: blank req / over / under | D7: Visible states | G7: TEST-06 | H7: Conditional formatting
